solid OpenSCAD_Model
  facet normal -1 0 0
    outer loop
      vertex 122.5 22.9 6
      vertex 122.5 24.9 31.0668
      vertex 122.5 24.9 6
    endloop
  endfacet
  facet normal -1 -0 0
    outer loop
      vertex 122.5 24.9 31.0668
      vertex 122.5 22.9 6
      vertex 122.5 22.9 31.0668
    endloop
  endfacet
  facet normal -0 0 1
    outer loop
      vertex 122.5 24.9 31.0668
      vertex 131.5 22.9 31.0668
      vertex 131.5 24.9 31.0668
    endloop
  endfacet
  facet normal 0 0 1
    outer loop
      vertex 131.5 22.9 31.0668
      vertex 122.5 24.9 31.0668
      vertex 122.5 22.9 31.0668
    endloop
  endfacet
  facet normal 1 -0 0
    outer loop
      vertex 131.5 22.9 31.0668
      vertex 131.5 24.9 6
      vertex 131.5 24.9 31.0668
    endloop
  endfacet
  facet normal 1 0 0
    outer loop
      vertex 131.5 24.9 6
      vertex 131.5 22.9 31.0668
      vertex 131.5 22.9 6
    endloop
  endfacet
  facet normal 0 1 0
    outer loop
      vertex 131.5 24.9 31.0668
      vertex 127 24.9 28.2668
      vertex 122.5 24.9 31.0668
    endloop
  endfacet
  facet normal 0 1 0
    outer loop
      vertex 131.5 24.9 31.0668
      vertex 127.222 24.9 28.2523
      vertex 127 24.9 28.2668
    endloop
  endfacet
  facet normal 0 1 0
    outer loop
      vertex 131.5 24.9 31.0668
      vertex 127.44 24.9 28.2089
      vertex 127.222 24.9 28.2523
    endloop
  endfacet
  facet normal 0 1 0
    outer loop
      vertex 131.5 24.9 31.0668
      vertex 127.651 24.9 28.1374
      vertex 127.44 24.9 28.2089
    endloop
  endfacet
  facet normal 0 1 0
    outer loop
      vertex 131.5 24.9 31.0668
      vertex 127.85 24.9 28.0391
      vertex 127.651 24.9 28.1374
    endloop
  endfacet
  facet normal 0 1 0
    outer loop
      vertex 131.5 24.9 31.0668
      vertex 128.035 24.9 27.9155
      vertex 127.85 24.9 28.0391
    endloop
  endfacet
  facet normal 0 1 0
    outer loop
      vertex 131.5 24.9 31.0668
      vertex 128.202 24.9 27.7689
      vertex 128.035 24.9 27.9155
    endloop
  endfacet
  facet normal 0 1 0
    outer loop
      vertex 131.5 24.9 31.0668
      vertex 128.349 24.9 27.6017
      vertex 128.202 24.9 27.7689
    endloop
  endfacet
  facet normal 0 1 0
    outer loop
      vertex 131.5 24.9 31.0668
      vertex 128.472 24.9 27.4168
      vertex 128.349 24.9 27.6017
    endloop
  endfacet
  facet normal 0 1 0
    outer loop
      vertex 131.5 24.9 31.0668
      vertex 128.571 24.9 27.2174
      vertex 128.472 24.9 27.4168
    endloop
  endfacet
  facet normal 0 1 0
    outer loop
      vertex 131.5 24.9 31.0668
      vertex 128.642 24.9 27.0068
      vertex 128.571 24.9 27.2174
    endloop
  endfacet
  facet normal 0 1 0
    outer loop
      vertex 131.5 24.9 31.0668
      vertex 128.685 24.9 26.7887
      vertex 128.642 24.9 27.0068
    endloop
  endfacet
  facet normal 0 1 0
    outer loop
      vertex 131.5 24.9 31.0668
      vertex 128.7 24.9 26.5668
      vertex 128.685 24.9 26.7887
    endloop
  endfacet
  facet normal 0 1 0
    outer loop
      vertex 131.5 24.9 31.0668
      vertex 128.685 24.9 26.345
      vertex 128.7 24.9 26.5668
    endloop
  endfacet
  facet normal 0 1 0
    outer loop
      vertex 131.5 24.9 31.0668
      vertex 128.642 24.9 26.1269
      vertex 128.685 24.9 26.345
    endloop
  endfacet
  facet normal 0 1 0
    outer loop
      vertex 131.5 24.9 31.0668
      vertex 128.571 24.9 25.9163
      vertex 128.642 24.9 26.1269
    endloop
  endfacet
  facet normal 0 1 -0
    outer loop
      vertex 131.5 24.9 6
      vertex 128.571 24.9 25.9163
      vertex 131.5 24.9 31.0668
    endloop
  endfacet
  facet normal 0 1 0
    outer loop
      vertex 127.222 24.9 24.8814
      vertex 131.5 24.9 6
      vertex 127 24.9 24.8668
    endloop
  endfacet
  facet normal 0 1 0
    outer loop
      vertex 127.44 24.9 24.9248
      vertex 131.5 24.9 6
      vertex 127.222 24.9 24.8814
    endloop
  endfacet
  facet normal 0 1 0
    outer loop
      vertex 127.651 24.9 24.9963
      vertex 131.5 24.9 6
      vertex 127.44 24.9 24.9248
    endloop
  endfacet
  facet normal 0 1 0
    outer loop
      vertex 127.85 24.9 25.0946
      vertex 131.5 24.9 6
      vertex 127.651 24.9 24.9963
    endloop
  endfacet
  facet normal 0 1 0
    outer loop
      vertex 128.035 24.9 25.2181
      vertex 131.5 24.9 6
      vertex 127.85 24.9 25.0946
    endloop
  endfacet
  facet normal 0 1 0
    outer loop
      vertex 128.202 24.9 25.3648
      vertex 131.5 24.9 6
      vertex 128.035 24.9 25.2181
    endloop
  endfacet
  facet normal 0 1 0
    outer loop
      vertex 128.349 24.9 25.532
      vertex 131.5 24.9 6
      vertex 128.202 24.9 25.3648
    endloop
  endfacet
  facet normal 0 1 0
    outer loop
      vertex 128.472 24.9 25.7168
      vertex 131.5 24.9 6
      vertex 128.349 24.9 25.532
    endloop
  endfacet
  facet normal 0 1 0
    outer loop
      vertex 128.571 24.9 25.9163
      vertex 131.5 24.9 6
      vertex 128.472 24.9 25.7168
    endloop
  endfacet
  facet normal 0 1 -0
    outer loop
      vertex 126.778 24.9 28.2523
      vertex 122.5 24.9 31.0668
      vertex 127 24.9 28.2668
    endloop
  endfacet
  facet normal 0 1 -0
    outer loop
      vertex 126.56 24.9 28.2089
      vertex 122.5 24.9 31.0668
      vertex 126.778 24.9 28.2523
    endloop
  endfacet
  facet normal 0 1 -0
    outer loop
      vertex 126.349 24.9 28.1374
      vertex 122.5 24.9 31.0668
      vertex 126.56 24.9 28.2089
    endloop
  endfacet
  facet normal 0 1 -0
    outer loop
      vertex 126.15 24.9 28.0391
      vertex 122.5 24.9 31.0668
      vertex 126.349 24.9 28.1374
    endloop
  endfacet
  facet normal 0 1 -0
    outer loop
      vertex 125.965 24.9 27.9155
      vertex 122.5 24.9 31.0668
      vertex 126.15 24.9 28.0391
    endloop
  endfacet
  facet normal 0 1 -0
    outer loop
      vertex 125.798 24.9 27.7689
      vertex 122.5 24.9 31.0668
      vertex 125.965 24.9 27.9155
    endloop
  endfacet
  facet normal 0 1 -0
    outer loop
      vertex 125.651 24.9 27.6017
      vertex 122.5 24.9 31.0668
      vertex 125.798 24.9 27.7689
    endloop
  endfacet
  facet normal 0 1 -0
    outer loop
      vertex 125.528 24.9 27.4168
      vertex 122.5 24.9 31.0668
      vertex 125.651 24.9 27.6017
    endloop
  endfacet
  facet normal 0 1 -0
    outer loop
      vertex 125.429 24.9 27.2174
      vertex 122.5 24.9 31.0668
      vertex 125.528 24.9 27.4168
    endloop
  endfacet
  facet normal 0 1 -0
    outer loop
      vertex 125.358 24.9 27.0068
      vertex 122.5 24.9 31.0668
      vertex 125.429 24.9 27.2174
    endloop
  endfacet
  facet normal 0 1 -0
    outer loop
      vertex 125.315 24.9 26.7887
      vertex 122.5 24.9 31.0668
      vertex 125.358 24.9 27.0068
    endloop
  endfacet
  facet normal 0 1 -0
    outer loop
      vertex 125.3 24.9 26.5668
      vertex 122.5 24.9 31.0668
      vertex 125.315 24.9 26.7887
    endloop
  endfacet
  facet normal 0 1 0
    outer loop
      vertex 125.315 24.9 26.345
      vertex 122.5 24.9 31.0668
      vertex 125.3 24.9 26.5668
    endloop
  endfacet
  facet normal 0 1 0
    outer loop
      vertex 125.358 24.9 26.1269
      vertex 122.5 24.9 31.0668
      vertex 125.315 24.9 26.345
    endloop
  endfacet
  facet normal 0 1 0
    outer loop
      vertex 125.429 24.9 25.9163
      vertex 122.5 24.9 31.0668
      vertex 125.358 24.9 26.1269
    endloop
  endfacet
  facet normal 0 1 0
    outer loop
      vertex 122.5 24.9 6
      vertex 125.429 24.9 25.9163
      vertex 125.528 24.9 25.7168
    endloop
  endfacet
  facet normal 0 1 0
    outer loop
      vertex 122.5 24.9 6
      vertex 127 24.9 24.8668
      vertex 131.5 24.9 6
    endloop
  endfacet
  facet normal 0 1 0
    outer loop
      vertex 127 24.9 24.8668
      vertex 122.5 24.9 6
      vertex 126.778 24.9 24.8814
    endloop
  endfacet
  facet normal 0 1 0
    outer loop
      vertex 126.778 24.9 24.8814
      vertex 122.5 24.9 6
      vertex 126.56 24.9 24.9248
    endloop
  endfacet
  facet normal 0 1 0
    outer loop
      vertex 126.56 24.9 24.9248
      vertex 122.5 24.9 6
      vertex 126.349 24.9 24.9963
    endloop
  endfacet
  facet normal 0 1 0
    outer loop
      vertex 126.349 24.9 24.9963
      vertex 122.5 24.9 6
      vertex 126.15 24.9 25.0946
    endloop
  endfacet
  facet normal 0 1 0
    outer loop
      vertex 126.15 24.9 25.0946
      vertex 122.5 24.9 6
      vertex 125.965 24.9 25.2181
    endloop
  endfacet
  facet normal 0 1 0
    outer loop
      vertex 125.965 24.9 25.2181
      vertex 122.5 24.9 6
      vertex 125.798 24.9 25.3648
    endloop
  endfacet
  facet normal 0 1 0
    outer loop
      vertex 125.798 24.9 25.3648
      vertex 122.5 24.9 6
      vertex 125.651 24.9 25.532
    endloop
  endfacet
  facet normal 0 1 0
    outer loop
      vertex 125.651 24.9 25.532
      vertex 122.5 24.9 6
      vertex 125.528 24.9 25.7168
    endloop
  endfacet
  facet normal 0 1 0
    outer loop
      vertex 125.429 24.9 25.9163
      vertex 122.5 24.9 6
      vertex 122.5 24.9 31.0668
    endloop
  endfacet
  facet normal -0 0 1
    outer loop
      vertex 22.5 -10 6
      vertex 47.5 -40 6
      vertex 47.5 -10 6
    endloop
  endfacet
  facet normal 0 0 1
    outer loop
      vertex 47.5 -40 6
      vertex 22.5 -10 6
      vertex 22.5 -40 6
    endloop
  endfacet
  facet normal -0 0 1
    outer loop
      vertex 122.5 -27.1 6
      vertex 131.5 -72.9 6
      vertex 131.5 -27.1 6
    endloop
  endfacet
  facet normal 0 0 1
    outer loop
      vertex 131.5 -72.9 6
      vertex 122.5 -27.1 6
      vertex 122.5 -72.9 6
    endloop
  endfacet
  facet normal -0 0 1
    outer loop
      vertex 122.5 -24.9 6
      vertex 131.5 -25.1 6
      vertex 131.5 -24.9 6
    endloop
  endfacet
  facet normal 0 0 1
    outer loop
      vertex 131.5 -25.1 6
      vertex 122.5 -24.9 6
      vertex 122.5 -25.1 6
    endloop
  endfacet
  facet normal -0 0 1
    outer loop
      vertex 122.5 22.9 6
      vertex 131.5 -22.9 6
      vertex 131.5 22.9 6
    endloop
  endfacet
  facet normal 0 0 1
    outer loop
      vertex 131.5 -22.9 6
      vertex 122.5 22.9 6
      vertex 122.5 -22.9 6
    endloop
  endfacet
  facet normal 0 0 1
    outer loop
      vertex 135.3 25 6
      vertex 122.5 24.9 6
      vertex 131.5 24.9 6
    endloop
  endfacet
  facet normal 0 0 1
    outer loop
      vertex 47.5 10 6
      vertex 122.5 22.9 6
      vertex 122.5 24.9 6
    endloop
  endfacet
  facet normal 0 0 1
    outer loop
      vertex 122.5 22.9 6
      vertex 105.6 -16 6
      vertex 122.5 -22.9 6
    endloop
  endfacet
  facet normal 0 0 1
    outer loop
      vertex 122.5 -22.9 6
      vertex 105.6 -16 6
      vertex 122.5 -24.9 6
    endloop
  endfacet
  facet normal 0 0 1
    outer loop
      vertex 122.5 -24.9 6
      vertex 105.6 -16 6
      vertex 122.5 -25.1 6
    endloop
  endfacet
  facet normal 0 0 1
    outer loop
      vertex 105.6 -34 6
      vertex 122.5 -25.1 6
      vertex 105.6 -16 6
    endloop
  endfacet
  facet normal 0 0 1
    outer loop
      vertex 122.5 -25.1 6
      vertex 105.6 -34 6
      vertex 122.5 -27.1 6
    endloop
  endfacet
  facet normal 0 0 1
    outer loop
      vertex 122.5 -27.1 6
      vertex 105.6 -34 6
      vertex 122.5 -72.9 6
    endloop
  endfacet
  facet normal 0 0 1
    outer loop
      vertex 122.5 22.9 6
      vertex 87.6 -16 6
      vertex 105.6 -16 6
    endloop
  endfacet
  facet normal -0 0 1
    outer loop
      vertex 47.5 -10 6
      vertex 87.6 -16 6
      vertex 47.5 10 6
    endloop
  endfacet
  facet normal 0 0 1
    outer loop
      vertex 122.5 22.9 6
      vertex 47.5 10 6
      vertex 87.6 -16 6
    endloop
  endfacet
  facet normal 0 0 1
    outer loop
      vertex 13.7 25 6
      vertex 47.5 10 6
      vertex 122.5 24.9 6
    endloop
  endfacet
  facet normal 0 0 1
    outer loop
      vertex 0 25 6
      vertex 22.5 -10 6
      vertex 22.5 10 6
    endloop
  endfacet
  facet normal 0 0 1
    outer loop
      vertex 22.5 -10 6
      vertex 0 25 6
      vertex 22.5 -40 6
    endloop
  endfacet
  facet normal -0 0 1
    outer loop
      vertex 13.6855 24.7781 6
      vertex 22.5 10 6
      vertex 13.7 25 6
    endloop
  endfacet
  facet normal 0 0 1
    outer loop
      vertex 47.5 10 6
      vertex 13.7 25 6
      vertex 22.5 10 6
    endloop
  endfacet
  facet normal -0 0 1
    outer loop
      vertex 13.7 25 6
      vertex 122.5 24.9 6
      vertex 135.3 25 6
    endloop
  endfacet
  facet normal 0 0 1
    outer loop
      vertex 138.685 24.7781 6
      vertex 140 25 6
      vertex 138.7 25 6
    endloop
  endfacet
  facet normal 0 0 1
    outer loop
      vertex 138.642 24.56 6
      vertex 140 25 6
      vertex 138.685 24.7781 6
    endloop
  endfacet
  facet normal 0 0 1
    outer loop
      vertex 138.571 24.3494 6
      vertex 140 25 6
      vertex 138.642 24.56 6
    endloop
  endfacet
  facet normal 0 0 1
    outer loop
      vertex 138.472 24.15 6
      vertex 140 25 6
      vertex 138.571 24.3494 6
    endloop
  endfacet
  facet normal 0 0 1
    outer loop
      vertex 138.349 23.9651 6
      vertex 140 25 6
      vertex 138.472 24.15 6
    endloop
  endfacet
  facet normal 0 0 1
    outer loop
      vertex 138.202 23.7979 6
      vertex 140 25 6
      vertex 138.349 23.9651 6
    endloop
  endfacet
  facet normal 0 0 1
    outer loop
      vertex 138.035 23.6513 6
      vertex 140 25 6
      vertex 138.202 23.7979 6
    endloop
  endfacet
  facet normal 0 0 1
    outer loop
      vertex 140 25 6
      vertex 138.035 23.6513 6
      vertex 131.5 -22.9 6
    endloop
  endfacet
  facet normal 0 0 1
    outer loop
      vertex 131.5 -22.9 6
      vertex 138.035 23.6513 6
      vertex 137.85 23.5278 6
    endloop
  endfacet
  facet normal 0 0 1
    outer loop
      vertex 131.5 -22.9 6
      vertex 137.85 23.5278 6
      vertex 137.651 23.4294 6
    endloop
  endfacet
  facet normal 0 0 1
    outer loop
      vertex 131.5 -22.9 6
      vertex 137.651 23.4294 6
      vertex 137.44 23.3579 6
    endloop
  endfacet
  facet normal 0 0 1
    outer loop
      vertex 131.5 -22.9 6
      vertex 137.44 23.3579 6
      vertex 137.222 23.3145 6
    endloop
  endfacet
  facet normal 0 0 1
    outer loop
      vertex 131.5 -22.9 6
      vertex 137.222 23.3145 6
      vertex 137 23.3 6
    endloop
  endfacet
  facet normal 0 0 1
    outer loop
      vertex 131.5 22.9 6
      vertex 137 23.3 6
      vertex 136.778 23.3145 6
    endloop
  endfacet
  facet normal 0 0 1
    outer loop
      vertex 131.5 22.9 6
      vertex 136.778 23.3145 6
      vertex 136.56 23.3579 6
    endloop
  endfacet
  facet normal 0 0 1
    outer loop
      vertex 131.5 22.9 6
      vertex 136.56 23.3579 6
      vertex 136.349 23.4294 6
    endloop
  endfacet
  facet normal 0 0 1
    outer loop
      vertex 131.5 22.9 6
      vertex 136.349 23.4294 6
      vertex 136.15 23.5278 6
    endloop
  endfacet
  facet normal 0 0 1
    outer loop
      vertex 131.5 22.9 6
      vertex 136.15 23.5278 6
      vertex 135.965 23.6513 6
    endloop
  endfacet
  facet normal 0 0 1
    outer loop
      vertex 131.5 22.9 6
      vertex 135.965 23.6513 6
      vertex 135.798 23.7979 6
    endloop
  endfacet
  facet normal 0 0 1
    outer loop
      vertex 131.5 22.9 6
      vertex 135.798 23.7979 6
      vertex 135.651 23.9651 6
    endloop
  endfacet
  facet normal 0 0 1
    outer loop
      vertex 131.5 22.9 6
      vertex 135.651 23.9651 6
      vertex 135.528 24.15 6
    endloop
  endfacet
  facet normal 0 0 1
    outer loop
      vertex 131.5 22.9 6
      vertex 135.528 24.15 6
      vertex 135.429 24.3494 6
    endloop
  endfacet
  facet normal 0 0 1
    outer loop
      vertex 131.5 22.9 6
      vertex 135.429 24.3494 6
      vertex 135.358 24.56 6
    endloop
  endfacet
  facet normal 0 0 1
    outer loop
      vertex 131.5 24.9 6
      vertex 135.358 24.56 6
      vertex 135.315 24.7781 6
    endloop
  endfacet
  facet normal -0 0 1
    outer loop
      vertex 131.5 24.9 6
      vertex 135.315 24.7781 6
      vertex 135.3 25 6
    endloop
  endfacet
  facet normal 0 0 1
    outer loop
      vertex 135.358 24.56 6
      vertex 131.5 24.9 6
      vertex 131.5 22.9 6
    endloop
  endfacet
  facet normal 0 0 1
    outer loop
      vertex 137 23.3 6
      vertex 131.5 22.9 6
      vertex 131.5 -22.9 6
    endloop
  endfacet
  facet normal 0 0 1
    outer loop
      vertex 140 25 6
      vertex 131.5 -22.9 6
      vertex 140 -75 6
    endloop
  endfacet
  facet normal -0 0 1
    outer loop
      vertex 131.5 -24.9 6
      vertex 140 -75 6
      vertex 131.5 -22.9 6
    endloop
  endfacet
  facet normal -0 0 1
    outer loop
      vertex 131.5 -25.1 6
      vertex 140 -75 6
      vertex 131.5 -24.9 6
    endloop
  endfacet
  facet normal -0 0 1
    outer loop
      vertex 131.5 -27.1 6
      vertex 140 -75 6
      vertex 131.5 -25.1 6
    endloop
  endfacet
  facet normal -0 0 1
    outer loop
      vertex 131.5 -72.9 6
      vertex 140 -75 6
      vertex 131.5 -27.1 6
    endloop
  endfacet
  facet normal -0 0 1
    outer loop
      vertex 131.5 -74.9 6
      vertex 140 -75 6
      vertex 131.5 -72.9 6
    endloop
  endfacet
  facet normal -0 0 1
    outer loop
      vertex 122.5 -74.9 6
      vertex 140 -75 6
      vertex 131.5 -74.9 6
    endloop
  endfacet
  facet normal -0 0 1
    outer loop
      vertex 87.6 -34 6
      vertex 122.5 -72.9 6
      vertex 105.6 -34 6
    endloop
  endfacet
  facet normal -0 0 1
    outer loop
      vertex 47.5 -60 6
      vertex 122.5 -72.9 6
      vertex 87.6 -34 6
    endloop
  endfacet
  facet normal 0 0 1
    outer loop
      vertex 87.6 -16 6
      vertex 47.5 -10 6
      vertex 87.6 -34 6
    endloop
  endfacet
  facet normal 0 0 1
    outer loop
      vertex 47.5 -40 6
      vertex 87.6 -34 6
      vertex 47.5 -10 6
    endloop
  endfacet
  facet normal 0 0 1
    outer loop
      vertex 47.5 -60 6
      vertex 87.6 -34 6
      vertex 47.5 -40 6
    endloop
  endfacet
  facet normal 0 0 1
    outer loop
      vertex 122.5 -72.9 6
      vertex 47.5 -60 6
      vertex 122.5 -74.9 6
    endloop
  endfacet
  facet normal 0 0 1
    outer loop
      vertex 0 -75 6
      vertex 47.5 -60 6
      vertex 22.5 -60 6
    endloop
  endfacet
  facet normal -0 0 1
    outer loop
      vertex 13.6421 24.56 6
      vertex 22.5 10 6
      vertex 13.6855 24.7781 6
    endloop
  endfacet
  facet normal -0 0 1
    outer loop
      vertex 13.5706 24.3494 6
      vertex 22.5 10 6
      vertex 13.6421 24.56 6
    endloop
  endfacet
  facet normal -0 0 1
    outer loop
      vertex 13.4722 24.15 6
      vertex 22.5 10 6
      vertex 13.5706 24.3494 6
    endloop
  endfacet
  facet normal -0 0 1
    outer loop
      vertex 13.3487 23.9651 6
      vertex 22.5 10 6
      vertex 13.4722 24.15 6
    endloop
  endfacet
  facet normal -0 0 1
    outer loop
      vertex 13.2021 23.7979 6
      vertex 22.5 10 6
      vertex 13.3487 23.9651 6
    endloop
  endfacet
  facet normal -0 0 1
    outer loop
      vertex 13.0349 23.6513 6
      vertex 22.5 10 6
      vertex 13.2021 23.7979 6
    endloop
  endfacet
  facet normal -0 0 1
    outer loop
      vertex 12.85 23.5278 6
      vertex 22.5 10 6
      vertex 13.0349 23.6513 6
    endloop
  endfacet
  facet normal -0 0 1
    outer loop
      vertex 12.6506 23.4294 6
      vertex 22.5 10 6
      vertex 12.85 23.5278 6
    endloop
  endfacet
  facet normal -0 0 1
    outer loop
      vertex 12.44 23.3579 6
      vertex 22.5 10 6
      vertex 12.6506 23.4294 6
    endloop
  endfacet
  facet normal -0 0 1
    outer loop
      vertex 12.2219 23.3145 6
      vertex 22.5 10 6
      vertex 12.44 23.3579 6
    endloop
  endfacet
  facet normal -0 0 1
    outer loop
      vertex 12 23.3 6
      vertex 22.5 10 6
      vertex 12.2219 23.3145 6
    endloop
  endfacet
  facet normal 0 0 1
    outer loop
      vertex 11.7781 23.3145 6
      vertex 22.5 10 6
      vertex 12 23.3 6
    endloop
  endfacet
  facet normal 0 0 1
    outer loop
      vertex 11.56 23.3579 6
      vertex 22.5 10 6
      vertex 11.7781 23.3145 6
    endloop
  endfacet
  facet normal 0 0 1
    outer loop
      vertex 11.3494 23.4294 6
      vertex 22.5 10 6
      vertex 11.56 23.3579 6
    endloop
  endfacet
  facet normal 0 0 1
    outer loop
      vertex 22.5 10 6
      vertex 11.3494 23.4294 6
      vertex 0 25 6
    endloop
  endfacet
  facet normal 0 0 1
    outer loop
      vertex 0 25 6
      vertex 11.3494 23.4294 6
      vertex 11.15 23.5278 6
    endloop
  endfacet
  facet normal 0 0 1
    outer loop
      vertex 0 25 6
      vertex 11.15 23.5278 6
      vertex 10.9651 23.6513 6
    endloop
  endfacet
  facet normal 0 0 1
    outer loop
      vertex 0 25 6
      vertex 10.9651 23.6513 6
      vertex 10.7979 23.7979 6
    endloop
  endfacet
  facet normal 0 0 1
    outer loop
      vertex 0 25 6
      vertex 10.7979 23.7979 6
      vertex 10.6513 23.9651 6
    endloop
  endfacet
  facet normal 0 0 1
    outer loop
      vertex 0 25 6
      vertex 10.6513 23.9651 6
      vertex 10.5278 24.15 6
    endloop
  endfacet
  facet normal 0 0 1
    outer loop
      vertex 0 25 6
      vertex 10.5278 24.15 6
      vertex 10.4294 24.3494 6
    endloop
  endfacet
  facet normal 0 0 1
    outer loop
      vertex 0 25 6
      vertex 10.4294 24.3494 6
      vertex 10.3579 24.56 6
    endloop
  endfacet
  facet normal 0 0 1
    outer loop
      vertex 0 25 6
      vertex 10.3579 24.56 6
      vertex 10.3145 24.7781 6
    endloop
  endfacet
  facet normal -0 0 1
    outer loop
      vertex 0 25 6
      vertex 10.3145 24.7781 6
      vertex 10.3 25 6
    endloop
  endfacet
  facet normal 0 0 1
    outer loop
      vertex 0 -75 6
      vertex 22.5 -40 6
      vertex 0 25 6
    endloop
  endfacet
  facet normal 0 0 1
    outer loop
      vertex 122.5 -74.9 6
      vertex 0 -75 6
      vertex 140 -75 6
    endloop
  endfacet
  facet normal 0 0 1
    outer loop
      vertex 47.5 -60 6
      vertex 0 -75 6
      vertex 122.5 -74.9 6
    endloop
  endfacet
  facet normal 0 0 1
    outer loop
      vertex 22.5 -40 6
      vertex 0 -75 6
      vertex 22.5 -60 6
    endloop
  endfacet
  facet normal 0 -1 0
    outer loop
      vertex 122.5 22.9 31.0668
      vertex 127 22.9 28.2668
      vertex 131.5 22.9 31.0668
    endloop
  endfacet
  facet normal 0 -1 0
    outer loop
      vertex 122.5 22.9 31.0668
      vertex 126.778 22.9 28.2523
      vertex 127 22.9 28.2668
    endloop
  endfacet
  facet normal 0 -1 0
    outer loop
      vertex 122.5 22.9 31.0668
      vertex 126.56 22.9 28.2089
      vertex 126.778 22.9 28.2523
    endloop
  endfacet
  facet normal 0 -1 0
    outer loop
      vertex 122.5 22.9 31.0668
      vertex 126.349 22.9 28.1374
      vertex 126.56 22.9 28.2089
    endloop
  endfacet
  facet normal 0 -1 0
    outer loop
      vertex 122.5 22.9 31.0668
      vertex 126.15 22.9 28.0391
      vertex 126.349 22.9 28.1374
    endloop
  endfacet
  facet normal 0 -1 0
    outer loop
      vertex 122.5 22.9 31.0668
      vertex 125.965 22.9 27.9155
      vertex 126.15 22.9 28.0391
    endloop
  endfacet
  facet normal 0 -1 0
    outer loop
      vertex 122.5 22.9 31.0668
      vertex 125.798 22.9 27.7689
      vertex 125.965 22.9 27.9155
    endloop
  endfacet
  facet normal 0 -1 0
    outer loop
      vertex 122.5 22.9 31.0668
      vertex 125.651 22.9 27.6017
      vertex 125.798 22.9 27.7689
    endloop
  endfacet
  facet normal 0 -1 0
    outer loop
      vertex 122.5 22.9 31.0668
      vertex 125.528 22.9 27.4168
      vertex 125.651 22.9 27.6017
    endloop
  endfacet
  facet normal 0 -1 0
    outer loop
      vertex 122.5 22.9 31.0668
      vertex 125.429 22.9 27.2174
      vertex 125.528 22.9 27.4168
    endloop
  endfacet
  facet normal 0 -1 0
    outer loop
      vertex 122.5 22.9 31.0668
      vertex 125.358 22.9 27.0068
      vertex 125.429 22.9 27.2174
    endloop
  endfacet
  facet normal 0 -1 0
    outer loop
      vertex 122.5 22.9 31.0668
      vertex 125.315 22.9 26.7887
      vertex 125.358 22.9 27.0068
    endloop
  endfacet
  facet normal 0 -1 0
    outer loop
      vertex 122.5 22.9 31.0668
      vertex 125.3 22.9 26.5668
      vertex 125.315 22.9 26.7887
    endloop
  endfacet
  facet normal 0 -1 0
    outer loop
      vertex 122.5 22.9 31.0668
      vertex 125.315 22.9 26.345
      vertex 125.3 22.9 26.5668
    endloop
  endfacet
  facet normal 0 -1 0
    outer loop
      vertex 122.5 22.9 31.0668
      vertex 125.358 22.9 26.1269
      vertex 125.315 22.9 26.345
    endloop
  endfacet
  facet normal 0 -1 0
    outer loop
      vertex 122.5 22.9 31.0668
      vertex 125.429 22.9 25.9163
      vertex 125.358 22.9 26.1269
    endloop
  endfacet
  facet normal 0 -1 0
    outer loop
      vertex 122.5 22.9 6
      vertex 125.429 22.9 25.9163
      vertex 122.5 22.9 31.0668
    endloop
  endfacet
  facet normal 0 -1 -0
    outer loop
      vertex 126.778 22.9 24.8814
      vertex 122.5 22.9 6
      vertex 127 22.9 24.8668
    endloop
  endfacet
  facet normal 0 -1 -0
    outer loop
      vertex 126.56 22.9 24.9248
      vertex 122.5 22.9 6
      vertex 126.778 22.9 24.8814
    endloop
  endfacet
  facet normal 0 -1 -0
    outer loop
      vertex 126.349 22.9 24.9963
      vertex 122.5 22.9 6
      vertex 126.56 22.9 24.9248
    endloop
  endfacet
  facet normal 0 -1 -0
    outer loop
      vertex 126.15 22.9 25.0946
      vertex 122.5 22.9 6
      vertex 126.349 22.9 24.9963
    endloop
  endfacet
  facet normal 0 -1 -0
    outer loop
      vertex 125.965 22.9 25.2181
      vertex 122.5 22.9 6
      vertex 126.15 22.9 25.0946
    endloop
  endfacet
  facet normal 0 -1 -0
    outer loop
      vertex 125.798 22.9 25.3648
      vertex 122.5 22.9 6
      vertex 125.965 22.9 25.2181
    endloop
  endfacet
  facet normal 0 -1 -0
    outer loop
      vertex 125.651 22.9 25.532
      vertex 122.5 22.9 6
      vertex 125.798 22.9 25.3648
    endloop
  endfacet
  facet normal 0 -1 -0
    outer loop
      vertex 125.528 22.9 25.7168
      vertex 122.5 22.9 6
      vertex 125.651 22.9 25.532
    endloop
  endfacet
  facet normal 0 -1 -0
    outer loop
      vertex 125.429 22.9 25.9163
      vertex 122.5 22.9 6
      vertex 125.528 22.9 25.7168
    endloop
  endfacet
  facet normal 0 -1 0
    outer loop
      vertex 127.222 22.9 28.2523
      vertex 131.5 22.9 31.0668
      vertex 127 22.9 28.2668
    endloop
  endfacet
  facet normal 0 -1 0
    outer loop
      vertex 127.44 22.9 28.2089
      vertex 131.5 22.9 31.0668
      vertex 127.222 22.9 28.2523
    endloop
  endfacet
  facet normal 0 -1 0
    outer loop
      vertex 127.651 22.9 28.1374
      vertex 131.5 22.9 31.0668
      vertex 127.44 22.9 28.2089
    endloop
  endfacet
  facet normal 0 -1 0
    outer loop
      vertex 127.85 22.9 28.0391
      vertex 131.5 22.9 31.0668
      vertex 127.651 22.9 28.1374
    endloop
  endfacet
  facet normal 0 -1 0
    outer loop
      vertex 128.035 22.9 27.9155
      vertex 131.5 22.9 31.0668
      vertex 127.85 22.9 28.0391
    endloop
  endfacet
  facet normal 0 -1 0
    outer loop
      vertex 128.202 22.9 27.7689
      vertex 131.5 22.9 31.0668
      vertex 128.035 22.9 27.9155
    endloop
  endfacet
  facet normal 0 -1 0
    outer loop
      vertex 128.349 22.9 27.6017
      vertex 131.5 22.9 31.0668
      vertex 128.202 22.9 27.7689
    endloop
  endfacet
  facet normal 0 -1 0
    outer loop
      vertex 128.472 22.9 27.4168
      vertex 131.5 22.9 31.0668
      vertex 128.349 22.9 27.6017
    endloop
  endfacet
  facet normal 0 -1 0
    outer loop
      vertex 128.571 22.9 27.2174
      vertex 131.5 22.9 31.0668
      vertex 128.472 22.9 27.4168
    endloop
  endfacet
  facet normal 0 -1 0
    outer loop
      vertex 128.642 22.9 27.0068
      vertex 131.5 22.9 31.0668
      vertex 128.571 22.9 27.2174
    endloop
  endfacet
  facet normal 0 -1 0
    outer loop
      vertex 128.685 22.9 26.7887
      vertex 131.5 22.9 31.0668
      vertex 128.642 22.9 27.0068
    endloop
  endfacet
  facet normal 0 -1 0
    outer loop
      vertex 128.7 22.9 26.5668
      vertex 131.5 22.9 31.0668
      vertex 128.685 22.9 26.7887
    endloop
  endfacet
  facet normal 0 -1 0
    outer loop
      vertex 128.685 22.9 26.345
      vertex 131.5 22.9 31.0668
      vertex 128.7 22.9 26.5668
    endloop
  endfacet
  facet normal 0 -1 0
    outer loop
      vertex 128.642 22.9 26.1269
      vertex 131.5 22.9 31.0668
      vertex 128.685 22.9 26.345
    endloop
  endfacet
  facet normal 0 -1 0
    outer loop
      vertex 128.571 22.9 25.9163
      vertex 131.5 22.9 31.0668
      vertex 128.642 22.9 26.1269
    endloop
  endfacet
  facet normal 0 -1 0
    outer loop
      vertex 131.5 22.9 6
      vertex 128.571 22.9 25.9163
      vertex 128.472 22.9 25.7168
    endloop
  endfacet
  facet normal 0 -1 0
    outer loop
      vertex 131.5 22.9 6
      vertex 127 22.9 24.8668
      vertex 122.5 22.9 6
    endloop
  endfacet
  facet normal 0 -1 0
    outer loop
      vertex 127 22.9 24.8668
      vertex 131.5 22.9 6
      vertex 127.222 22.9 24.8814
    endloop
  endfacet
  facet normal 0 -1 0
    outer loop
      vertex 127.222 22.9 24.8814
      vertex 131.5 22.9 6
      vertex 127.44 22.9 24.9248
    endloop
  endfacet
  facet normal 0 -1 0
    outer loop
      vertex 127.44 22.9 24.9248
      vertex 131.5 22.9 6
      vertex 127.651 22.9 24.9963
    endloop
  endfacet
  facet normal 0 -1 0
    outer loop
      vertex 127.651 22.9 24.9963
      vertex 131.5 22.9 6
      vertex 127.85 22.9 25.0946
    endloop
  endfacet
  facet normal 0 -1 0
    outer loop
      vertex 127.85 22.9 25.0946
      vertex 131.5 22.9 6
      vertex 128.035 22.9 25.2181
    endloop
  endfacet
  facet normal 0 -1 0
    outer loop
      vertex 128.035 22.9 25.2181
      vertex 131.5 22.9 6
      vertex 128.202 22.9 25.3648
    endloop
  endfacet
  facet normal 0 -1 0
    outer loop
      vertex 128.202 22.9 25.3648
      vertex 131.5 22.9 6
      vertex 128.349 22.9 25.532
    endloop
  endfacet
  facet normal 0 -1 0
    outer loop
      vertex 128.349 22.9 25.532
      vertex 131.5 22.9 6
      vertex 128.472 22.9 25.7168
    endloop
  endfacet
  facet normal 0 -1 0
    outer loop
      vertex 128.571 22.9 25.9163
      vertex 131.5 22.9 6
      vertex 131.5 22.9 31.0668
    endloop
  endfacet
  facet normal -0.997721 0 0.0674744
    outer loop
      vertex 128.685 22.9 26.345
      vertex 128.7 24.9 26.5668
      vertex 128.685 24.9 26.345
    endloop
  endfacet
  facet normal -0.997721 0 0.0674744
    outer loop
      vertex 128.7 24.9 26.5668
      vertex 128.685 22.9 26.345
      vertex 128.7 22.9 26.5668
    endloop
  endfacet
  facet normal 0.997721 -0 0.0674744
    outer loop
      vertex 125.3 22.9 26.5668
      vertex 125.315 24.9 26.345
      vertex 125.3 24.9 26.5668
    endloop
  endfacet
  facet normal 0.997721 0 0.0674744
    outer loop
      vertex 125.315 24.9 26.345
      vertex 125.3 22.9 26.5668
      vertex 125.315 22.9 26.345
    endloop
  endfacet
  facet normal -0.065624 0 0.997844
    outer loop
      vertex 127 24.9 24.8668
      vertex 127.222 22.9 24.8814
      vertex 127.222 24.9 24.8814
    endloop
  endfacet
  facet normal -0.065624 0 0.997844
    outer loop
      vertex 127.222 22.9 24.8814
      vertex 127 24.9 24.8668
      vertex 127 22.9 24.8668
    endloop
  endfacet
  facet normal -0.0651764 0 -0.997874
    outer loop
      vertex 127 22.9 28.2668
      vertex 127.222 24.9 28.2523
      vertex 127.222 22.9 28.2523
    endloop
  endfacet
  facet normal -0.0651764 0 -0.997874
    outer loop
      vertex 127.222 24.9 28.2523
      vertex 127 22.9 28.2668
      vertex 127 24.9 28.2668
    endloop
  endfacet
  facet normal -0.659968 0 0.751293
    outer loop
      vertex 128.035 24.9 25.2181
      vertex 128.202 22.9 25.3648
      vertex 128.202 24.9 25.3648
    endloop
  endfacet
  facet normal -0.659968 0 0.751293
    outer loop
      vertex 128.202 22.9 25.3648
      vertex 128.035 24.9 25.2181
      vertex 128.035 22.9 25.2181
    endloop
  endfacet
  facet normal 0.659968 0 0.751293
    outer loop
      vertex 125.798 24.9 25.3648
      vertex 125.965 22.9 25.2181
      vertex 125.965 24.9 25.2181
    endloop
  endfacet
  facet normal 0.659968 0 0.751293
    outer loop
      vertex 125.965 22.9 25.2181
      vertex 125.798 24.9 25.3648
      vertex 125.798 22.9 25.3648
    endloop
  endfacet
  facet normal 0.320937 0 0.947101
    outer loop
      vertex 126.349 24.9 24.9963
      vertex 126.56 22.9 24.9248
      vertex 126.56 24.9 24.9248
    endloop
  endfacet
  facet normal 0.320937 0 0.947101
    outer loop
      vertex 126.56 22.9 24.9248
      vertex 126.349 24.9 24.9963
      vertex 126.349 22.9 24.9963
    endloop
  endfacet
  facet normal -0.89577 0 0.444518
    outer loop
      vertex 128.472 22.9 25.7168
      vertex 128.571 24.9 25.9163
      vertex 128.472 24.9 25.7168
    endloop
  endfacet
  facet normal -0.89577 0 0.444518
    outer loop
      vertex 128.571 24.9 25.9163
      vertex 128.472 22.9 25.7168
      vertex 128.571 22.9 25.9163
    endloop
  endfacet
  facet normal -0.981113 0 0.193434
    outer loop
      vertex 128.642 22.9 26.1269
      vertex 128.685 24.9 26.345
      vertex 128.642 24.9 26.1269
    endloop
  endfacet
  facet normal -0.981113 0 0.193434
    outer loop
      vertex 128.685 24.9 26.345
      vertex 128.642 22.9 26.1269
      vertex 128.685 22.9 26.345
    endloop
  endfacet
  facet normal -0.832466 0 0.554076
    outer loop
      vertex 128.349 22.9 25.532
      vertex 128.472 24.9 25.7168
      vertex 128.349 24.9 25.532
    endloop
  endfacet
  facet normal -0.832466 0 0.554076
    outer loop
      vertex 128.472 24.9 25.7168
      vertex 128.349 22.9 25.532
      vertex 128.472 22.9 25.7168
    endloop
  endfacet
  facet normal -0.320937 0 0.947101
    outer loop
      vertex 127.44 24.9 24.9248
      vertex 127.651 22.9 24.9963
      vertex 127.651 24.9 24.9963
    endloop
  endfacet
  facet normal -0.320937 0 0.947101
    outer loop
      vertex 127.651 22.9 24.9963
      vertex 127.44 24.9 24.9248
      vertex 127.44 22.9 24.9248
    endloop
  endfacet
  facet normal -0.195251 0 0.980753
    outer loop
      vertex 127.222 24.9 24.8814
      vertex 127.44 22.9 24.9248
      vertex 127.44 24.9 24.9248
    endloop
  endfacet
  facet normal -0.195251 0 0.980753
    outer loop
      vertex 127.44 22.9 24.9248
      vertex 127.222 24.9 24.8814
      vertex 127.222 22.9 24.8814
    endloop
  endfacet
  facet normal -0.442883 0 0.896579
    outer loop
      vertex 127.651 24.9 24.9963
      vertex 127.85 22.9 25.0946
      vertex 127.85 24.9 25.0946
    endloop
  endfacet
  facet normal -0.442883 0 0.896579
    outer loop
      vertex 127.85 22.9 25.0946
      vertex 127.651 24.9 24.9963
      vertex 127.651 22.9 24.9963
    endloop
  endfacet
  facet normal 0.89577 -0 0.444518
    outer loop
      vertex 125.429 22.9 25.9163
      vertex 125.528 24.9 25.7168
      vertex 125.429 24.9 25.9163
    endloop
  endfacet
  facet normal 0.89577 0 0.444518
    outer loop
      vertex 125.528 24.9 25.7168
      vertex 125.429 22.9 25.9163
      vertex 125.528 22.9 25.7168
    endloop
  endfacet
  facet normal 0.751016 -0 0.660284
    outer loop
      vertex 125.651 22.9 25.532
      vertex 125.798 24.9 25.3648
      vertex 125.651 24.9 25.532
    endloop
  endfacet
  facet normal 0.751016 0 0.660284
    outer loop
      vertex 125.798 24.9 25.3648
      vertex 125.651 22.9 25.532
      vertex 125.798 22.9 25.3648
    endloop
  endfacet
  facet normal 0.947598 -0 0.319466
    outer loop
      vertex 125.358 22.9 26.1269
      vertex 125.429 24.9 25.9163
      vertex 125.358 24.9 26.1269
    endloop
  endfacet
  facet normal 0.947598 0 0.319466
    outer loop
      vertex 125.429 24.9 25.9163
      vertex 125.358 22.9 26.1269
      vertex 125.429 22.9 25.9163
    endloop
  endfacet
  facet normal 0.195251 0 0.980753
    outer loop
      vertex 126.56 24.9 24.9248
      vertex 126.778 22.9 24.8814
      vertex 126.778 24.9 24.8814
    endloop
  endfacet
  facet normal 0.195251 0 0.980753
    outer loop
      vertex 126.778 22.9 24.8814
      vertex 126.56 24.9 24.9248
      vertex 126.56 22.9 24.9248
    endloop
  endfacet
  facet normal -0.195251 0 -0.980753
    outer loop
      vertex 127.222 22.9 28.2523
      vertex 127.44 24.9 28.2089
      vertex 127.44 22.9 28.2089
    endloop
  endfacet
  facet normal -0.195251 0 -0.980753
    outer loop
      vertex 127.44 24.9 28.2089
      vertex 127.222 22.9 28.2523
      vertex 127.222 24.9 28.2523
    endloop
  endfacet
  facet normal -0.442883 0 -0.896579
    outer loop
      vertex 127.651 22.9 28.1374
      vertex 127.85 24.9 28.0391
      vertex 127.85 22.9 28.0391
    endloop
  endfacet
  facet normal -0.442883 0 -0.896579
    outer loop
      vertex 127.85 24.9 28.0391
      vertex 127.651 22.9 28.1374
      vertex 127.651 24.9 28.1374
    endloop
  endfacet
  facet normal -0.947598 0 0.319466
    outer loop
      vertex 128.571 22.9 25.9163
      vertex 128.642 24.9 26.1269
      vertex 128.571 24.9 25.9163
    endloop
  endfacet
  facet normal -0.947598 0 0.319466
    outer loop
      vertex 128.642 24.9 26.1269
      vertex 128.571 22.9 25.9163
      vertex 128.642 22.9 26.1269
    endloop
  endfacet
  facet normal -0.751016 0 0.660284
    outer loop
      vertex 128.202 22.9 25.3648
      vertex 128.349 24.9 25.532
      vertex 128.202 24.9 25.3648
    endloop
  endfacet
  facet normal -0.751016 0 0.660284
    outer loop
      vertex 128.349 24.9 25.532
      vertex 128.202 22.9 25.3648
      vertex 128.349 22.9 25.532
    endloop
  endfacet
  facet normal -0.555219 0 0.831704
    outer loop
      vertex 127.85 24.9 25.0946
      vertex 128.035 22.9 25.2181
      vertex 128.035 24.9 25.2181
    endloop
  endfacet
  facet normal -0.555219 0 0.831704
    outer loop
      vertex 128.035 22.9 25.2181
      vertex 127.85 24.9 25.0946
      vertex 127.85 22.9 25.0946
    endloop
  endfacet
  facet normal 0.832466 -0 0.554076
    outer loop
      vertex 125.528 22.9 25.7168
      vertex 125.651 24.9 25.532
      vertex 125.528 24.9 25.7168
    endloop
  endfacet
  facet normal 0.832466 0 0.554076
    outer loop
      vertex 125.651 24.9 25.532
      vertex 125.528 22.9 25.7168
      vertex 125.651 22.9 25.532
    endloop
  endfacet
  facet normal 0.981113 -0 0.193434
    outer loop
      vertex 125.315 22.9 26.345
      vertex 125.358 24.9 26.1269
      vertex 125.315 24.9 26.345
    endloop
  endfacet
  facet normal 0.981113 0 0.193434
    outer loop
      vertex 125.358 24.9 26.1269
      vertex 125.315 22.9 26.345
      vertex 125.358 22.9 26.1269
    endloop
  endfacet
  facet normal 0.442883 0 0.896579
    outer loop
      vertex 126.15 24.9 25.0946
      vertex 126.349 22.9 24.9963
      vertex 126.349 24.9 24.9963
    endloop
  endfacet
  facet normal 0.442883 0 0.896579
    outer loop
      vertex 126.349 22.9 24.9963
      vertex 126.15 24.9 25.0946
      vertex 126.15 22.9 25.0946
    endloop
  endfacet
  facet normal 0.555219 0 0.831704
    outer loop
      vertex 125.965 24.9 25.2181
      vertex 126.15 22.9 25.0946
      vertex 126.15 24.9 25.0946
    endloop
  endfacet
  facet normal 0.555219 0 0.831704
    outer loop
      vertex 126.15 22.9 25.0946
      vertex 125.965 24.9 25.2181
      vertex 125.965 22.9 25.2181
    endloop
  endfacet
  facet normal 0.065624 0 0.997844
    outer loop
      vertex 126.778 24.9 24.8814
      vertex 127 22.9 24.8668
      vertex 127 24.9 24.8668
    endloop
  endfacet
  facet normal 0.065624 0 0.997844
    outer loop
      vertex 127 22.9 24.8668
      vertex 126.778 24.9 24.8814
      vertex 126.778 22.9 24.8814
    endloop
  endfacet
  facet normal -0.997723 0 -0.0674441
    outer loop
      vertex 128.7 22.9 26.5668
      vertex 128.685 24.9 26.7887
      vertex 128.7 24.9 26.5668
    endloop
  endfacet
  facet normal -0.997723 -0 -0.0674441
    outer loop
      vertex 128.685 24.9 26.7887
      vertex 128.7 22.9 26.5668
      vertex 128.685 22.9 26.7887
    endloop
  endfacet
  facet normal -0.947598 0 -0.319466
    outer loop
      vertex 128.642 22.9 27.0068
      vertex 128.571 24.9 27.2174
      vertex 128.642 24.9 27.0068
    endloop
  endfacet
  facet normal -0.947598 -0 -0.319466
    outer loop
      vertex 128.571 24.9 27.2174
      vertex 128.642 22.9 27.0068
      vertex 128.571 22.9 27.2174
    endloop
  endfacet
  facet normal -0.981113 0 -0.193434
    outer loop
      vertex 128.685 22.9 26.7887
      vertex 128.642 24.9 27.0068
      vertex 128.685 24.9 26.7887
    endloop
  endfacet
  facet normal -0.981113 -0 -0.193434
    outer loop
      vertex 128.642 24.9 27.0068
      vertex 128.685 22.9 26.7887
      vertex 128.642 22.9 27.0068
    endloop
  endfacet
  facet normal 0.895681 0 -0.444696
    outer loop
      vertex 125.528 22.9 27.4168
      vertex 125.429 24.9 27.2174
      vertex 125.528 24.9 27.4168
    endloop
  endfacet
  facet normal 0.895681 0 -0.444696
    outer loop
      vertex 125.429 24.9 27.2174
      vertex 125.528 22.9 27.4168
      vertex 125.429 22.9 27.2174
    endloop
  endfacet
  facet normal -0.55553 0 -0.831497
    outer loop
      vertex 127.85 22.9 28.0391
      vertex 128.035 24.9 27.9155
      vertex 128.035 22.9 27.9155
    endloop
  endfacet
  facet normal -0.55553 0 -0.831497
    outer loop
      vertex 128.035 24.9 27.9155
      vertex 127.85 22.9 28.0391
      vertex 127.85 24.9 28.0391
    endloop
  endfacet
  facet normal 0.947598 0 -0.319466
    outer loop
      vertex 125.429 22.9 27.2174
      vertex 125.358 24.9 27.0068
      vertex 125.429 24.9 27.2174
    endloop
  endfacet
  facet normal 0.947598 0 -0.319466
    outer loop
      vertex 125.358 24.9 27.0068
      vertex 125.429 22.9 27.2174
      vertex 125.358 22.9 27.0068
    endloop
  endfacet
  facet normal -0.659714 0 -0.751516
    outer loop
      vertex 128.035 22.9 27.9155
      vertex 128.202 24.9 27.7689
      vertex 128.202 22.9 27.7689
    endloop
  endfacet
  facet normal -0.659714 0 -0.751516
    outer loop
      vertex 128.202 24.9 27.7689
      vertex 128.035 22.9 27.9155
      vertex 128.035 24.9 27.9155
    endloop
  endfacet
  facet normal -0.320937 0 -0.947101
    outer loop
      vertex 127.44 22.9 28.2089
      vertex 127.651 24.9 28.1374
      vertex 127.651 22.9 28.1374
    endloop
  endfacet
  facet normal -0.320937 0 -0.947101
    outer loop
      vertex 127.651 24.9 28.1374
      vertex 127.44 22.9 28.2089
      vertex 127.44 24.9 28.2089
    endloop
  endfacet
  facet normal -0.895681 0 -0.444696
    outer loop
      vertex 128.571 22.9 27.2174
      vertex 128.472 24.9 27.4168
      vertex 128.571 24.9 27.2174
    endloop
  endfacet
  facet normal -0.895681 -0 -0.444696
    outer loop
      vertex 128.472 24.9 27.4168
      vertex 128.571 22.9 27.2174
      vertex 128.472 22.9 27.4168
    endloop
  endfacet
  facet normal -0.832604 0 -0.553869
    outer loop
      vertex 128.472 22.9 27.4168
      vertex 128.349 24.9 27.6017
      vertex 128.472 24.9 27.4168
    endloop
  endfacet
  facet normal -0.832604 -0 -0.553869
    outer loop
      vertex 128.349 24.9 27.6017
      vertex 128.472 22.9 27.4168
      vertex 128.349 22.9 27.6017
    endloop
  endfacet
  facet normal 0.0651764 0 -0.997874
    outer loop
      vertex 126.778 22.9 28.2523
      vertex 127 24.9 28.2668
      vertex 127 22.9 28.2668
    endloop
  endfacet
  facet normal 0.0651764 0 -0.997874
    outer loop
      vertex 127 24.9 28.2668
      vertex 126.778 22.9 28.2523
      vertex 126.778 24.9 28.2523
    endloop
  endfacet
  facet normal 0.320937 0 -0.947101
    outer loop
      vertex 126.349 22.9 28.1374
      vertex 126.56 24.9 28.2089
      vertex 126.56 22.9 28.2089
    endloop
  endfacet
  facet normal 0.320937 0 -0.947101
    outer loop
      vertex 126.56 24.9 28.2089
      vertex 126.349 22.9 28.1374
      vertex 126.349 24.9 28.1374
    endloop
  endfacet
  facet normal 0.195251 0 -0.980753
    outer loop
      vertex 126.56 22.9 28.2089
      vertex 126.778 24.9 28.2523
      vertex 126.778 22.9 28.2523
    endloop
  endfacet
  facet normal 0.195251 0 -0.980753
    outer loop
      vertex 126.778 24.9 28.2523
      vertex 126.56 22.9 28.2089
      vertex 126.56 24.9 28.2089
    endloop
  endfacet
  facet normal 0.751016 0 -0.660284
    outer loop
      vertex 125.798 22.9 27.7689
      vertex 125.651 24.9 27.6017
      vertex 125.798 24.9 27.7689
    endloop
  endfacet
  facet normal 0.751016 0 -0.660284
    outer loop
      vertex 125.651 24.9 27.6017
      vertex 125.798 22.9 27.7689
      vertex 125.651 22.9 27.6017
    endloop
  endfacet
  facet normal 0.659714 0 -0.751516
    outer loop
      vertex 125.798 22.9 27.7689
      vertex 125.965 24.9 27.9155
      vertex 125.965 22.9 27.9155
    endloop
  endfacet
  facet normal 0.659714 0 -0.751516
    outer loop
      vertex 125.965 24.9 27.9155
      vertex 125.798 22.9 27.7689
      vertex 125.798 24.9 27.7689
    endloop
  endfacet
  facet normal 0.981113 0 -0.193434
    outer loop
      vertex 125.358 22.9 27.0068
      vertex 125.315 24.9 26.7887
      vertex 125.358 24.9 27.0068
    endloop
  endfacet
  facet normal 0.981113 0 -0.193434
    outer loop
      vertex 125.315 24.9 26.7887
      vertex 125.358 22.9 27.0068
      vertex 125.315 22.9 26.7887
    endloop
  endfacet
  facet normal 0.997723 0 -0.0674441
    outer loop
      vertex 125.315 22.9 26.7887
      vertex 125.3 24.9 26.5668
      vertex 125.315 24.9 26.7887
    endloop
  endfacet
  facet normal 0.997723 0 -0.0674441
    outer loop
      vertex 125.3 24.9 26.5668
      vertex 125.315 22.9 26.7887
      vertex 125.3 22.9 26.5668
    endloop
  endfacet
  facet normal -0.751016 0 -0.660284
    outer loop
      vertex 128.349 22.9 27.6017
      vertex 128.202 24.9 27.7689
      vertex 128.349 24.9 27.6017
    endloop
  endfacet
  facet normal -0.751016 -0 -0.660284
    outer loop
      vertex 128.202 24.9 27.7689
      vertex 128.349 22.9 27.6017
      vertex 128.202 22.9 27.7689
    endloop
  endfacet
  facet normal 0.832604 0 -0.553869
    outer loop
      vertex 125.651 22.9 27.6017
      vertex 125.528 24.9 27.4168
      vertex 125.651 24.9 27.6017
    endloop
  endfacet
  facet normal 0.832604 0 -0.553869
    outer loop
      vertex 125.528 24.9 27.4168
      vertex 125.651 22.9 27.6017
      vertex 125.528 22.9 27.4168
    endloop
  endfacet
  facet normal 0.442883 0 -0.896579
    outer loop
      vertex 126.15 22.9 28.0391
      vertex 126.349 24.9 28.1374
      vertex 126.349 22.9 28.1374
    endloop
  endfacet
  facet normal 0.442883 0 -0.896579
    outer loop
      vertex 126.349 24.9 28.1374
      vertex 126.15 22.9 28.0391
      vertex 126.15 24.9 28.0391
    endloop
  endfacet
  facet normal 0.55553 0 -0.831497
    outer loop
      vertex 125.965 22.9 27.9155
      vertex 126.15 24.9 28.0391
      vertex 126.15 22.9 28.0391
    endloop
  endfacet
  facet normal 0.55553 0 -0.831497
    outer loop
      vertex 126.15 24.9 28.0391
      vertex 125.965 22.9 27.9155
      vertex 125.965 24.9 27.9155
    endloop
  endfacet
  facet normal -1 0 0
    outer loop
      vertex 122.5 -24.9 6
      vertex 122.5 -22.9 31.0668
      vertex 122.5 -22.9 6
    endloop
  endfacet
  facet normal -1 -0 0
    outer loop
      vertex 122.5 -22.9 31.0668
      vertex 122.5 -24.9 6
      vertex 122.5 -24.9 31.0668
    endloop
  endfacet
  facet normal -0 0 1
    outer loop
      vertex 122.5 -22.9 31.0668
      vertex 131.5 -24.9 31.0668
      vertex 131.5 -22.9 31.0668
    endloop
  endfacet
  facet normal 0 0 1
    outer loop
      vertex 131.5 -24.9 31.0668
      vertex 122.5 -22.9 31.0668
      vertex 122.5 -24.9 31.0668
    endloop
  endfacet
  facet normal 1 -0 0
    outer loop
      vertex 131.5 -24.9 31.0668
      vertex 131.5 -22.9 6
      vertex 131.5 -22.9 31.0668
    endloop
  endfacet
  facet normal 1 0 0
    outer loop
      vertex 131.5 -22.9 6
      vertex 131.5 -24.9 31.0668
      vertex 131.5 -24.9 6
    endloop
  endfacet
  facet normal 0 1 0
    outer loop
      vertex 131.5 -22.9 31.0668
      vertex 127 -22.9 28.2668
      vertex 122.5 -22.9 31.0668
    endloop
  endfacet
  facet normal 0 1 0
    outer loop
      vertex 131.5 -22.9 31.0668
      vertex 127.222 -22.9 28.2523
      vertex 127 -22.9 28.2668
    endloop
  endfacet
  facet normal 0 1 0
    outer loop
      vertex 131.5 -22.9 31.0668
      vertex 127.44 -22.9 28.2089
      vertex 127.222 -22.9 28.2523
    endloop
  endfacet
  facet normal 0 1 0
    outer loop
      vertex 131.5 -22.9 31.0668
      vertex 127.651 -22.9 28.1374
      vertex 127.44 -22.9 28.2089
    endloop
  endfacet
  facet normal 0 1 0
    outer loop
      vertex 131.5 -22.9 31.0668
      vertex 127.85 -22.9 28.0391
      vertex 127.651 -22.9 28.1374
    endloop
  endfacet
  facet normal 0 1 0
    outer loop
      vertex 131.5 -22.9 31.0668
      vertex 128.035 -22.9 27.9155
      vertex 127.85 -22.9 28.0391
    endloop
  endfacet
  facet normal 0 1 0
    outer loop
      vertex 131.5 -22.9 31.0668
      vertex 128.202 -22.9 27.7689
      vertex 128.035 -22.9 27.9155
    endloop
  endfacet
  facet normal 0 1 0
    outer loop
      vertex 131.5 -22.9 31.0668
      vertex 128.349 -22.9 27.6017
      vertex 128.202 -22.9 27.7689
    endloop
  endfacet
  facet normal 0 1 0
    outer loop
      vertex 131.5 -22.9 31.0668
      vertex 128.472 -22.9 27.4168
      vertex 128.349 -22.9 27.6017
    endloop
  endfacet
  facet normal 0 1 0
    outer loop
      vertex 131.5 -22.9 31.0668
      vertex 128.571 -22.9 27.2174
      vertex 128.472 -22.9 27.4168
    endloop
  endfacet
  facet normal 0 1 0
    outer loop
      vertex 131.5 -22.9 31.0668
      vertex 128.642 -22.9 27.0068
      vertex 128.571 -22.9 27.2174
    endloop
  endfacet
  facet normal 0 1 0
    outer loop
      vertex 131.5 -22.9 31.0668
      vertex 128.685 -22.9 26.7887
      vertex 128.642 -22.9 27.0068
    endloop
  endfacet
  facet normal 0 1 0
    outer loop
      vertex 131.5 -22.9 31.0668
      vertex 128.7 -22.9 26.5668
      vertex 128.685 -22.9 26.7887
    endloop
  endfacet
  facet normal 0 1 0
    outer loop
      vertex 131.5 -22.9 31.0668
      vertex 128.685 -22.9 26.345
      vertex 128.7 -22.9 26.5668
    endloop
  endfacet
  facet normal 0 1 0
    outer loop
      vertex 131.5 -22.9 31.0668
      vertex 128.642 -22.9 26.1269
      vertex 128.685 -22.9 26.345
    endloop
  endfacet
  facet normal 0 1 0
    outer loop
      vertex 131.5 -22.9 31.0668
      vertex 128.571 -22.9 25.9163
      vertex 128.642 -22.9 26.1269
    endloop
  endfacet
  facet normal 0 1 -0
    outer loop
      vertex 131.5 -22.9 6
      vertex 128.571 -22.9 25.9163
      vertex 131.5 -22.9 31.0668
    endloop
  endfacet
  facet normal 0 1 0
    outer loop
      vertex 127.222 -22.9 24.8814
      vertex 131.5 -22.9 6
      vertex 127 -22.9 24.8668
    endloop
  endfacet
  facet normal 0 1 0
    outer loop
      vertex 127.44 -22.9 24.9248
      vertex 131.5 -22.9 6
      vertex 127.222 -22.9 24.8814
    endloop
  endfacet
  facet normal 0 1 0
    outer loop
      vertex 127.651 -22.9 24.9963
      vertex 131.5 -22.9 6
      vertex 127.44 -22.9 24.9248
    endloop
  endfacet
  facet normal 0 1 0
    outer loop
      vertex 127.85 -22.9 25.0946
      vertex 131.5 -22.9 6
      vertex 127.651 -22.9 24.9963
    endloop
  endfacet
  facet normal 0 1 0
    outer loop
      vertex 128.035 -22.9 25.2181
      vertex 131.5 -22.9 6
      vertex 127.85 -22.9 25.0946
    endloop
  endfacet
  facet normal 0 1 0
    outer loop
      vertex 128.202 -22.9 25.3648
      vertex 131.5 -22.9 6
      vertex 128.035 -22.9 25.2181
    endloop
  endfacet
  facet normal 0 1 0
    outer loop
      vertex 128.349 -22.9 25.532
      vertex 131.5 -22.9 6
      vertex 128.202 -22.9 25.3648
    endloop
  endfacet
  facet normal 0 1 0
    outer loop
      vertex 128.472 -22.9 25.7168
      vertex 131.5 -22.9 6
      vertex 128.349 -22.9 25.532
    endloop
  endfacet
  facet normal 0 1 0
    outer loop
      vertex 128.571 -22.9 25.9163
      vertex 131.5 -22.9 6
      vertex 128.472 -22.9 25.7168
    endloop
  endfacet
  facet normal 0 1 -0
    outer loop
      vertex 126.778 -22.9 28.2523
      vertex 122.5 -22.9 31.0668
      vertex 127 -22.9 28.2668
    endloop
  endfacet
  facet normal 0 1 -0
    outer loop
      vertex 126.56 -22.9 28.2089
      vertex 122.5 -22.9 31.0668
      vertex 126.778 -22.9 28.2523
    endloop
  endfacet
  facet normal 0 1 -0
    outer loop
      vertex 126.349 -22.9 28.1374
      vertex 122.5 -22.9 31.0668
      vertex 126.56 -22.9 28.2089
    endloop
  endfacet
  facet normal 0 1 -0
    outer loop
      vertex 126.15 -22.9 28.0391
      vertex 122.5 -22.9 31.0668
      vertex 126.349 -22.9 28.1374
    endloop
  endfacet
  facet normal 0 1 -0
    outer loop
      vertex 125.965 -22.9 27.9155
      vertex 122.5 -22.9 31.0668
      vertex 126.15 -22.9 28.0391
    endloop
  endfacet
  facet normal 0 1 -0
    outer loop
      vertex 125.798 -22.9 27.7689
      vertex 122.5 -22.9 31.0668
      vertex 125.965 -22.9 27.9155
    endloop
  endfacet
  facet normal 0 1 -0
    outer loop
      vertex 125.651 -22.9 27.6017
      vertex 122.5 -22.9 31.0668
      vertex 125.798 -22.9 27.7689
    endloop
  endfacet
  facet normal 0 1 -0
    outer loop
      vertex 125.528 -22.9 27.4168
      vertex 122.5 -22.9 31.0668
      vertex 125.651 -22.9 27.6017
    endloop
  endfacet
  facet normal 0 1 -0
    outer loop
      vertex 125.429 -22.9 27.2174
      vertex 122.5 -22.9 31.0668
      vertex 125.528 -22.9 27.4168
    endloop
  endfacet
  facet normal 0 1 -0
    outer loop
      vertex 125.358 -22.9 27.0068
      vertex 122.5 -22.9 31.0668
      vertex 125.429 -22.9 27.2174
    endloop
  endfacet
  facet normal 0 1 -0
    outer loop
      vertex 125.315 -22.9 26.7887
      vertex 122.5 -22.9 31.0668
      vertex 125.358 -22.9 27.0068
    endloop
  endfacet
  facet normal 0 1 -0
    outer loop
      vertex 125.3 -22.9 26.5668
      vertex 122.5 -22.9 31.0668
      vertex 125.315 -22.9 26.7887
    endloop
  endfacet
  facet normal 0 1 0
    outer loop
      vertex 125.315 -22.9 26.345
      vertex 122.5 -22.9 31.0668
      vertex 125.3 -22.9 26.5668
    endloop
  endfacet
  facet normal 0 1 0
    outer loop
      vertex 125.358 -22.9 26.1269
      vertex 122.5 -22.9 31.0668
      vertex 125.315 -22.9 26.345
    endloop
  endfacet
  facet normal 0 1 0
    outer loop
      vertex 125.429 -22.9 25.9163
      vertex 122.5 -22.9 31.0668
      vertex 125.358 -22.9 26.1269
    endloop
  endfacet
  facet normal 0 1 0
    outer loop
      vertex 122.5 -22.9 6
      vertex 125.429 -22.9 25.9163
      vertex 125.528 -22.9 25.7168
    endloop
  endfacet
  facet normal 0 1 0
    outer loop
      vertex 122.5 -22.9 6
      vertex 127 -22.9 24.8668
      vertex 131.5 -22.9 6
    endloop
  endfacet
  facet normal 0 1 0
    outer loop
      vertex 127 -22.9 24.8668
      vertex 122.5 -22.9 6
      vertex 126.778 -22.9 24.8814
    endloop
  endfacet
  facet normal 0 1 0
    outer loop
      vertex 126.778 -22.9 24.8814
      vertex 122.5 -22.9 6
      vertex 126.56 -22.9 24.9248
    endloop
  endfacet
  facet normal 0 1 0
    outer loop
      vertex 126.56 -22.9 24.9248
      vertex 122.5 -22.9 6
      vertex 126.349 -22.9 24.9963
    endloop
  endfacet
  facet normal 0 1 0
    outer loop
      vertex 126.349 -22.9 24.9963
      vertex 122.5 -22.9 6
      vertex 126.15 -22.9 25.0946
    endloop
  endfacet
  facet normal 0 1 0
    outer loop
      vertex 126.15 -22.9 25.0946
      vertex 122.5 -22.9 6
      vertex 125.965 -22.9 25.2181
    endloop
  endfacet
  facet normal 0 1 0
    outer loop
      vertex 125.965 -22.9 25.2181
      vertex 122.5 -22.9 6
      vertex 125.798 -22.9 25.3648
    endloop
  endfacet
  facet normal 0 1 0
    outer loop
      vertex 125.798 -22.9 25.3648
      vertex 122.5 -22.9 6
      vertex 125.651 -22.9 25.532
    endloop
  endfacet
  facet normal 0 1 0
    outer loop
      vertex 125.651 -22.9 25.532
      vertex 122.5 -22.9 6
      vertex 125.528 -22.9 25.7168
    endloop
  endfacet
  facet normal 0 1 0
    outer loop
      vertex 125.429 -22.9 25.9163
      vertex 122.5 -22.9 6
      vertex 122.5 -22.9 31.0668
    endloop
  endfacet
  facet normal 0 -1 0
    outer loop
      vertex 122.5 -24.9 31.0668
      vertex 127 -24.9 28.2668
      vertex 131.5 -24.9 31.0668
    endloop
  endfacet
  facet normal 0 -1 0
    outer loop
      vertex 122.5 -24.9 31.0668
      vertex 126.778 -24.9 28.2523
      vertex 127 -24.9 28.2668
    endloop
  endfacet
  facet normal 0 -1 0
    outer loop
      vertex 122.5 -24.9 31.0668
      vertex 126.56 -24.9 28.2089
      vertex 126.778 -24.9 28.2523
    endloop
  endfacet
  facet normal 0 -1 0
    outer loop
      vertex 122.5 -24.9 31.0668
      vertex 126.349 -24.9 28.1374
      vertex 126.56 -24.9 28.2089
    endloop
  endfacet
  facet normal 0 -1 0
    outer loop
      vertex 122.5 -24.9 31.0668
      vertex 126.15 -24.9 28.0391
      vertex 126.349 -24.9 28.1374
    endloop
  endfacet
  facet normal 0 -1 0
    outer loop
      vertex 122.5 -24.9 31.0668
      vertex 125.965 -24.9 27.9155
      vertex 126.15 -24.9 28.0391
    endloop
  endfacet
  facet normal 0 -1 0
    outer loop
      vertex 122.5 -24.9 31.0668
      vertex 125.798 -24.9 27.7689
      vertex 125.965 -24.9 27.9155
    endloop
  endfacet
  facet normal 0 -1 0
    outer loop
      vertex 122.5 -24.9 31.0668
      vertex 125.651 -24.9 27.6017
      vertex 125.798 -24.9 27.7689
    endloop
  endfacet
  facet normal 0 -1 0
    outer loop
      vertex 122.5 -24.9 31.0668
      vertex 125.528 -24.9 27.4168
      vertex 125.651 -24.9 27.6017
    endloop
  endfacet
  facet normal 0 -1 0
    outer loop
      vertex 122.5 -24.9 31.0668
      vertex 125.429 -24.9 27.2174
      vertex 125.528 -24.9 27.4168
    endloop
  endfacet
  facet normal 0 -1 0
    outer loop
      vertex 122.5 -24.9 31.0668
      vertex 125.358 -24.9 27.0068
      vertex 125.429 -24.9 27.2174
    endloop
  endfacet
  facet normal 0 -1 0
    outer loop
      vertex 122.5 -24.9 31.0668
      vertex 125.315 -24.9 26.7887
      vertex 125.358 -24.9 27.0068
    endloop
  endfacet
  facet normal 0 -1 0
    outer loop
      vertex 122.5 -24.9 31.0668
      vertex 125.3 -24.9 26.5668
      vertex 125.315 -24.9 26.7887
    endloop
  endfacet
  facet normal 0 -1 0
    outer loop
      vertex 122.5 -24.9 31.0668
      vertex 125.315 -24.9 26.345
      vertex 125.3 -24.9 26.5668
    endloop
  endfacet
  facet normal 0 -1 0
    outer loop
      vertex 122.5 -24.9 31.0668
      vertex 125.358 -24.9 26.1269
      vertex 125.315 -24.9 26.345
    endloop
  endfacet
  facet normal 0 -1 0
    outer loop
      vertex 122.5 -24.9 31.0668
      vertex 125.429 -24.9 25.9163
      vertex 125.358 -24.9 26.1269
    endloop
  endfacet
  facet normal 0 -1 0
    outer loop
      vertex 122.5 -24.9 6
      vertex 125.429 -24.9 25.9163
      vertex 122.5 -24.9 31.0668
    endloop
  endfacet
  facet normal 0 -1 -0
    outer loop
      vertex 126.778 -24.9 24.8814
      vertex 122.5 -24.9 6
      vertex 127 -24.9 24.8668
    endloop
  endfacet
  facet normal 0 -1 -0
    outer loop
      vertex 126.56 -24.9 24.9248
      vertex 122.5 -24.9 6
      vertex 126.778 -24.9 24.8814
    endloop
  endfacet
  facet normal 0 -1 -0
    outer loop
      vertex 126.349 -24.9 24.9963
      vertex 122.5 -24.9 6
      vertex 126.56 -24.9 24.9248
    endloop
  endfacet
  facet normal 0 -1 -0
    outer loop
      vertex 126.15 -24.9 25.0946
      vertex 122.5 -24.9 6
      vertex 126.349 -24.9 24.9963
    endloop
  endfacet
  facet normal 0 -1 -0
    outer loop
      vertex 125.965 -24.9 25.2181
      vertex 122.5 -24.9 6
      vertex 126.15 -24.9 25.0946
    endloop
  endfacet
  facet normal 0 -1 -0
    outer loop
      vertex 125.798 -24.9 25.3648
      vertex 122.5 -24.9 6
      vertex 125.965 -24.9 25.2181
    endloop
  endfacet
  facet normal 0 -1 -0
    outer loop
      vertex 125.651 -24.9 25.532
      vertex 122.5 -24.9 6
      vertex 125.798 -24.9 25.3648
    endloop
  endfacet
  facet normal 0 -1 -0
    outer loop
      vertex 125.528 -24.9 25.7168
      vertex 122.5 -24.9 6
      vertex 125.651 -24.9 25.532
    endloop
  endfacet
  facet normal 0 -1 -0
    outer loop
      vertex 125.429 -24.9 25.9163
      vertex 122.5 -24.9 6
      vertex 125.528 -24.9 25.7168
    endloop
  endfacet
  facet normal 0 -1 0
    outer loop
      vertex 127.222 -24.9 28.2523
      vertex 131.5 -24.9 31.0668
      vertex 127 -24.9 28.2668
    endloop
  endfacet
  facet normal 0 -1 0
    outer loop
      vertex 127.44 -24.9 28.2089
      vertex 131.5 -24.9 31.0668
      vertex 127.222 -24.9 28.2523
    endloop
  endfacet
  facet normal 0 -1 0
    outer loop
      vertex 127.651 -24.9 28.1374
      vertex 131.5 -24.9 31.0668
      vertex 127.44 -24.9 28.2089
    endloop
  endfacet
  facet normal 0 -1 0
    outer loop
      vertex 127.85 -24.9 28.0391
      vertex 131.5 -24.9 31.0668
      vertex 127.651 -24.9 28.1374
    endloop
  endfacet
  facet normal 0 -1 0
    outer loop
      vertex 128.035 -24.9 27.9155
      vertex 131.5 -24.9 31.0668
      vertex 127.85 -24.9 28.0391
    endloop
  endfacet
  facet normal 0 -1 0
    outer loop
      vertex 128.202 -24.9 27.7689
      vertex 131.5 -24.9 31.0668
      vertex 128.035 -24.9 27.9155
    endloop
  endfacet
  facet normal 0 -1 0
    outer loop
      vertex 128.349 -24.9 27.6017
      vertex 131.5 -24.9 31.0668
      vertex 128.202 -24.9 27.7689
    endloop
  endfacet
  facet normal 0 -1 0
    outer loop
      vertex 128.472 -24.9 27.4168
      vertex 131.5 -24.9 31.0668
      vertex 128.349 -24.9 27.6017
    endloop
  endfacet
  facet normal 0 -1 0
    outer loop
      vertex 128.571 -24.9 27.2174
      vertex 131.5 -24.9 31.0668
      vertex 128.472 -24.9 27.4168
    endloop
  endfacet
  facet normal 0 -1 0
    outer loop
      vertex 128.642 -24.9 27.0068
      vertex 131.5 -24.9 31.0668
      vertex 128.571 -24.9 27.2174
    endloop
  endfacet
  facet normal 0 -1 0
    outer loop
      vertex 128.685 -24.9 26.7887
      vertex 131.5 -24.9 31.0668
      vertex 128.642 -24.9 27.0068
    endloop
  endfacet
  facet normal 0 -1 0
    outer loop
      vertex 128.7 -24.9 26.5668
      vertex 131.5 -24.9 31.0668
      vertex 128.685 -24.9 26.7887
    endloop
  endfacet
  facet normal 0 -1 0
    outer loop
      vertex 128.685 -24.9 26.345
      vertex 131.5 -24.9 31.0668
      vertex 128.7 -24.9 26.5668
    endloop
  endfacet
  facet normal 0 -1 0
    outer loop
      vertex 128.642 -24.9 26.1269
      vertex 131.5 -24.9 31.0668
      vertex 128.685 -24.9 26.345
    endloop
  endfacet
  facet normal 0 -1 0
    outer loop
      vertex 128.571 -24.9 25.9163
      vertex 131.5 -24.9 31.0668
      vertex 128.642 -24.9 26.1269
    endloop
  endfacet
  facet normal 0 -1 0
    outer loop
      vertex 131.5 -24.9 6
      vertex 128.571 -24.9 25.9163
      vertex 128.472 -24.9 25.7168
    endloop
  endfacet
  facet normal 0 -1 0
    outer loop
      vertex 131.5 -24.9 6
      vertex 127 -24.9 24.8668
      vertex 122.5 -24.9 6
    endloop
  endfacet
  facet normal 0 -1 0
    outer loop
      vertex 127 -24.9 24.8668
      vertex 131.5 -24.9 6
      vertex 127.222 -24.9 24.8814
    endloop
  endfacet
  facet normal 0 -1 0
    outer loop
      vertex 127.222 -24.9 24.8814
      vertex 131.5 -24.9 6
      vertex 127.44 -24.9 24.9248
    endloop
  endfacet
  facet normal 0 -1 0
    outer loop
      vertex 127.44 -24.9 24.9248
      vertex 131.5 -24.9 6
      vertex 127.651 -24.9 24.9963
    endloop
  endfacet
  facet normal 0 -1 0
    outer loop
      vertex 127.651 -24.9 24.9963
      vertex 131.5 -24.9 6
      vertex 127.85 -24.9 25.0946
    endloop
  endfacet
  facet normal 0 -1 0
    outer loop
      vertex 127.85 -24.9 25.0946
      vertex 131.5 -24.9 6
      vertex 128.035 -24.9 25.2181
    endloop
  endfacet
  facet normal 0 -1 0
    outer loop
      vertex 128.035 -24.9 25.2181
      vertex 131.5 -24.9 6
      vertex 128.202 -24.9 25.3648
    endloop
  endfacet
  facet normal 0 -1 0
    outer loop
      vertex 128.202 -24.9 25.3648
      vertex 131.5 -24.9 6
      vertex 128.349 -24.9 25.532
    endloop
  endfacet
  facet normal 0 -1 0
    outer loop
      vertex 128.349 -24.9 25.532
      vertex 131.5 -24.9 6
      vertex 128.472 -24.9 25.7168
    endloop
  endfacet
  facet normal 0 -1 0
    outer loop
      vertex 128.571 -24.9 25.9163
      vertex 131.5 -24.9 6
      vertex 131.5 -24.9 31.0668
    endloop
  endfacet
  facet normal -0.832466 0 0.554076
    outer loop
      vertex 128.349 -24.9 25.532
      vertex 128.472 -22.9 25.7168
      vertex 128.349 -22.9 25.532
    endloop
  endfacet
  facet normal -0.832466 0 0.554076
    outer loop
      vertex 128.472 -22.9 25.7168
      vertex 128.349 -24.9 25.532
      vertex 128.472 -24.9 25.7168
    endloop
  endfacet
  facet normal -0.195251 0 0.980753
    outer loop
      vertex 127.222 -22.9 24.8814
      vertex 127.44 -24.9 24.9248
      vertex 127.44 -22.9 24.9248
    endloop
  endfacet
  facet normal -0.195251 0 0.980753
    outer loop
      vertex 127.44 -24.9 24.9248
      vertex 127.222 -22.9 24.8814
      vertex 127.222 -24.9 24.8814
    endloop
  endfacet
  facet normal -0.320937 0 0.947101
    outer loop
      vertex 127.44 -22.9 24.9248
      vertex 127.651 -24.9 24.9963
      vertex 127.651 -22.9 24.9963
    endloop
  endfacet
  facet normal -0.320937 0 0.947101
    outer loop
      vertex 127.651 -24.9 24.9963
      vertex 127.44 -22.9 24.9248
      vertex 127.44 -24.9 24.9248
    endloop
  endfacet
  facet normal 0.320937 0 0.947101
    outer loop
      vertex 126.349 -22.9 24.9963
      vertex 126.56 -24.9 24.9248
      vertex 126.56 -22.9 24.9248
    endloop
  endfacet
  facet normal 0.320937 0 0.947101
    outer loop
      vertex 126.56 -24.9 24.9248
      vertex 126.349 -22.9 24.9963
      vertex 126.349 -24.9 24.9963
    endloop
  endfacet
  facet normal 0.89577 -0 0.444518
    outer loop
      vertex 125.429 -24.9 25.9163
      vertex 125.528 -22.9 25.7168
      vertex 125.429 -22.9 25.9163
    endloop
  endfacet
  facet normal 0.89577 0 0.444518
    outer loop
      vertex 125.528 -22.9 25.7168
      vertex 125.429 -24.9 25.9163
      vertex 125.528 -24.9 25.7168
    endloop
  endfacet
  facet normal -0.981113 0 -0.193434
    outer loop
      vertex 128.685 -24.9 26.7887
      vertex 128.642 -22.9 27.0068
      vertex 128.685 -22.9 26.7887
    endloop
  endfacet
  facet normal -0.981113 -0 -0.193434
    outer loop
      vertex 128.642 -22.9 27.0068
      vertex 128.685 -24.9 26.7887
      vertex 128.642 -24.9 27.0068
    endloop
  endfacet
  facet normal -0.981113 0 0.193434
    outer loop
      vertex 128.642 -24.9 26.1269
      vertex 128.685 -22.9 26.345
      vertex 128.642 -22.9 26.1269
    endloop
  endfacet
  facet normal -0.981113 0 0.193434
    outer loop
      vertex 128.685 -22.9 26.345
      vertex 128.642 -24.9 26.1269
      vertex 128.685 -24.9 26.345
    endloop
  endfacet
  facet normal -0.065624 0 0.997844
    outer loop
      vertex 127 -22.9 24.8668
      vertex 127.222 -24.9 24.8814
      vertex 127.222 -22.9 24.8814
    endloop
  endfacet
  facet normal -0.065624 0 0.997844
    outer loop
      vertex 127.222 -24.9 24.8814
      vertex 127 -22.9 24.8668
      vertex 127 -24.9 24.8668
    endloop
  endfacet
  facet normal -0.442883 0 0.896579
    outer loop
      vertex 127.651 -22.9 24.9963
      vertex 127.85 -24.9 25.0946
      vertex 127.85 -22.9 25.0946
    endloop
  endfacet
  facet normal -0.442883 0 0.896579
    outer loop
      vertex 127.85 -24.9 25.0946
      vertex 127.651 -22.9 24.9963
      vertex 127.651 -24.9 24.9963
    endloop
  endfacet
  facet normal 0.981113 -0 0.193434
    outer loop
      vertex 125.315 -24.9 26.345
      vertex 125.358 -22.9 26.1269
      vertex 125.315 -22.9 26.345
    endloop
  endfacet
  facet normal 0.981113 0 0.193434
    outer loop
      vertex 125.358 -22.9 26.1269
      vertex 125.315 -24.9 26.345
      vertex 125.358 -24.9 26.1269
    endloop
  endfacet
  facet normal 0.751016 -0 0.660284
    outer loop
      vertex 125.651 -24.9 25.532
      vertex 125.798 -22.9 25.3648
      vertex 125.651 -22.9 25.532
    endloop
  endfacet
  facet normal 0.751016 0 0.660284
    outer loop
      vertex 125.798 -22.9 25.3648
      vertex 125.651 -24.9 25.532
      vertex 125.798 -24.9 25.3648
    endloop
  endfacet
  facet normal 0.195251 0 0.980753
    outer loop
      vertex 126.56 -22.9 24.9248
      vertex 126.778 -24.9 24.8814
      vertex 126.778 -22.9 24.8814
    endloop
  endfacet
  facet normal 0.195251 0 0.980753
    outer loop
      vertex 126.778 -24.9 24.8814
      vertex 126.56 -22.9 24.9248
      vertex 126.56 -24.9 24.9248
    endloop
  endfacet
  facet normal 0.659968 0 0.751293
    outer loop
      vertex 125.798 -22.9 25.3648
      vertex 125.965 -24.9 25.2181
      vertex 125.965 -22.9 25.2181
    endloop
  endfacet
  facet normal 0.659968 0 0.751293
    outer loop
      vertex 125.965 -24.9 25.2181
      vertex 125.798 -22.9 25.3648
      vertex 125.798 -24.9 25.3648
    endloop
  endfacet
  facet normal -0.997721 0 0.0674744
    outer loop
      vertex 128.685 -24.9 26.345
      vertex 128.7 -22.9 26.5668
      vertex 128.685 -22.9 26.345
    endloop
  endfacet
  facet normal -0.997721 0 0.0674744
    outer loop
      vertex 128.7 -22.9 26.5668
      vertex 128.685 -24.9 26.345
      vertex 128.7 -24.9 26.5668
    endloop
  endfacet
  facet normal -0.947598 0 -0.319466
    outer loop
      vertex 128.642 -24.9 27.0068
      vertex 128.571 -22.9 27.2174
      vertex 128.642 -22.9 27.0068
    endloop
  endfacet
  facet normal -0.947598 -0 -0.319466
    outer loop
      vertex 128.571 -22.9 27.2174
      vertex 128.642 -24.9 27.0068
      vertex 128.571 -24.9 27.2174
    endloop
  endfacet
  facet normal -0.55553 0 -0.831497
    outer loop
      vertex 127.85 -24.9 28.0391
      vertex 128.035 -22.9 27.9155
      vertex 128.035 -24.9 27.9155
    endloop
  endfacet
  facet normal -0.55553 0 -0.831497
    outer loop
      vertex 128.035 -22.9 27.9155
      vertex 127.85 -24.9 28.0391
      vertex 127.85 -22.9 28.0391
    endloop
  endfacet
  facet normal -0.659968 0 0.751293
    outer loop
      vertex 128.035 -22.9 25.2181
      vertex 128.202 -24.9 25.3648
      vertex 128.202 -22.9 25.3648
    endloop
  endfacet
  facet normal -0.659968 0 0.751293
    outer loop
      vertex 128.202 -24.9 25.3648
      vertex 128.035 -22.9 25.2181
      vertex 128.035 -24.9 25.2181
    endloop
  endfacet
  facet normal -0.751016 0 0.660284
    outer loop
      vertex 128.202 -24.9 25.3648
      vertex 128.349 -22.9 25.532
      vertex 128.202 -22.9 25.3648
    endloop
  endfacet
  facet normal -0.751016 0 0.660284
    outer loop
      vertex 128.349 -22.9 25.532
      vertex 128.202 -24.9 25.3648
      vertex 128.349 -24.9 25.532
    endloop
  endfacet
  facet normal -0.555219 0 0.831704
    outer loop
      vertex 127.85 -22.9 25.0946
      vertex 128.035 -24.9 25.2181
      vertex 128.035 -22.9 25.2181
    endloop
  endfacet
  facet normal -0.555219 0 0.831704
    outer loop
      vertex 128.035 -24.9 25.2181
      vertex 127.85 -22.9 25.0946
      vertex 127.85 -24.9 25.0946
    endloop
  endfacet
  facet normal 0.997721 -0 0.0674744
    outer loop
      vertex 125.3 -24.9 26.5668
      vertex 125.315 -22.9 26.345
      vertex 125.3 -22.9 26.5668
    endloop
  endfacet
  facet normal 0.997721 0 0.0674744
    outer loop
      vertex 125.315 -22.9 26.345
      vertex 125.3 -24.9 26.5668
      vertex 125.315 -24.9 26.345
    endloop
  endfacet
  facet normal 0.947598 -0 0.319466
    outer loop
      vertex 125.358 -24.9 26.1269
      vertex 125.429 -22.9 25.9163
      vertex 125.358 -22.9 26.1269
    endloop
  endfacet
  facet normal 0.947598 0 0.319466
    outer loop
      vertex 125.429 -22.9 25.9163
      vertex 125.358 -24.9 26.1269
      vertex 125.429 -24.9 25.9163
    endloop
  endfacet
  facet normal 0.832466 -0 0.554076
    outer loop
      vertex 125.528 -24.9 25.7168
      vertex 125.651 -22.9 25.532
      vertex 125.528 -22.9 25.7168
    endloop
  endfacet
  facet normal 0.832466 0 0.554076
    outer loop
      vertex 125.651 -22.9 25.532
      vertex 125.528 -24.9 25.7168
      vertex 125.651 -24.9 25.532
    endloop
  endfacet
  facet normal 0.065624 0 0.997844
    outer loop
      vertex 126.778 -22.9 24.8814
      vertex 127 -24.9 24.8668
      vertex 127 -22.9 24.8668
    endloop
  endfacet
  facet normal 0.065624 0 0.997844
    outer loop
      vertex 127 -24.9 24.8668
      vertex 126.778 -22.9 24.8814
      vertex 126.778 -24.9 24.8814
    endloop
  endfacet
  facet normal 0.555219 0 0.831704
    outer loop
      vertex 125.965 -22.9 25.2181
      vertex 126.15 -24.9 25.0946
      vertex 126.15 -22.9 25.0946
    endloop
  endfacet
  facet normal 0.555219 0 0.831704
    outer loop
      vertex 126.15 -24.9 25.0946
      vertex 125.965 -22.9 25.2181
      vertex 125.965 -24.9 25.2181
    endloop
  endfacet
  facet normal 0.442883 0 0.896579
    outer loop
      vertex 126.15 -22.9 25.0946
      vertex 126.349 -24.9 24.9963
      vertex 126.349 -22.9 24.9963
    endloop
  endfacet
  facet normal 0.442883 0 0.896579
    outer loop
      vertex 126.349 -24.9 24.9963
      vertex 126.15 -22.9 25.0946
      vertex 126.15 -24.9 25.0946
    endloop
  endfacet
  facet normal -0.0651764 0 -0.997874
    outer loop
      vertex 127 -24.9 28.2668
      vertex 127.222 -22.9 28.2523
      vertex 127.222 -24.9 28.2523
    endloop
  endfacet
  facet normal -0.0651764 0 -0.997874
    outer loop
      vertex 127.222 -22.9 28.2523
      vertex 127 -24.9 28.2668
      vertex 127 -22.9 28.2668
    endloop
  endfacet
  facet normal 0.947598 0 -0.319466
    outer loop
      vertex 125.429 -24.9 27.2174
      vertex 125.358 -22.9 27.0068
      vertex 125.429 -22.9 27.2174
    endloop
  endfacet
  facet normal 0.947598 0 -0.319466
    outer loop
      vertex 125.358 -22.9 27.0068
      vertex 125.429 -24.9 27.2174
      vertex 125.358 -24.9 27.0068
    endloop
  endfacet
  facet normal 0.895681 0 -0.444696
    outer loop
      vertex 125.528 -24.9 27.4168
      vertex 125.429 -22.9 27.2174
      vertex 125.528 -22.9 27.4168
    endloop
  endfacet
  facet normal 0.895681 0 -0.444696
    outer loop
      vertex 125.429 -22.9 27.2174
      vertex 125.528 -24.9 27.4168
      vertex 125.429 -24.9 27.2174
    endloop
  endfacet
  facet normal -0.195251 0 -0.980753
    outer loop
      vertex 127.222 -24.9 28.2523
      vertex 127.44 -22.9 28.2089
      vertex 127.44 -24.9 28.2089
    endloop
  endfacet
  facet normal -0.195251 0 -0.980753
    outer loop
      vertex 127.44 -22.9 28.2089
      vertex 127.222 -24.9 28.2523
      vertex 127.222 -22.9 28.2523
    endloop
  endfacet
  facet normal -0.89577 0 0.444518
    outer loop
      vertex 128.472 -24.9 25.7168
      vertex 128.571 -22.9 25.9163
      vertex 128.472 -22.9 25.7168
    endloop
  endfacet
  facet normal -0.89577 0 0.444518
    outer loop
      vertex 128.571 -22.9 25.9163
      vertex 128.472 -24.9 25.7168
      vertex 128.571 -24.9 25.9163
    endloop
  endfacet
  facet normal -0.947598 0 0.319466
    outer loop
      vertex 128.571 -24.9 25.9163
      vertex 128.642 -22.9 26.1269
      vertex 128.571 -22.9 25.9163
    endloop
  endfacet
  facet normal -0.947598 0 0.319466
    outer loop
      vertex 128.642 -22.9 26.1269
      vertex 128.571 -24.9 25.9163
      vertex 128.642 -24.9 26.1269
    endloop
  endfacet
  facet normal -0.997723 0 -0.0674441
    outer loop
      vertex 128.7 -24.9 26.5668
      vertex 128.685 -22.9 26.7887
      vertex 128.7 -22.9 26.5668
    endloop
  endfacet
  facet normal -0.997723 -0 -0.0674441
    outer loop
      vertex 128.685 -22.9 26.7887
      vertex 128.7 -24.9 26.5668
      vertex 128.685 -24.9 26.7887
    endloop
  endfacet
  facet normal 0.195251 0 -0.980753
    outer loop
      vertex 126.56 -24.9 28.2089
      vertex 126.778 -22.9 28.2523
      vertex 126.778 -24.9 28.2523
    endloop
  endfacet
  facet normal 0.195251 0 -0.980753
    outer loop
      vertex 126.778 -22.9 28.2523
      vertex 126.56 -24.9 28.2089
      vertex 126.56 -22.9 28.2089
    endloop
  endfacet
  facet normal -0.442883 0 -0.896579
    outer loop
      vertex 127.651 -24.9 28.1374
      vertex 127.85 -22.9 28.0391
      vertex 127.85 -24.9 28.0391
    endloop
  endfacet
  facet normal -0.442883 0 -0.896579
    outer loop
      vertex 127.85 -22.9 28.0391
      vertex 127.651 -24.9 28.1374
      vertex 127.651 -22.9 28.1374
    endloop
  endfacet
  facet normal -0.320937 0 -0.947101
    outer loop
      vertex 127.44 -24.9 28.2089
      vertex 127.651 -22.9 28.1374
      vertex 127.651 -24.9 28.1374
    endloop
  endfacet
  facet normal -0.320937 0 -0.947101
    outer loop
      vertex 127.651 -22.9 28.1374
      vertex 127.44 -24.9 28.2089
      vertex 127.44 -22.9 28.2089
    endloop
  endfacet
  facet normal -0.659714 0 -0.751516
    outer loop
      vertex 128.035 -24.9 27.9155
      vertex 128.202 -22.9 27.7689
      vertex 128.202 -24.9 27.7689
    endloop
  endfacet
  facet normal -0.659714 0 -0.751516
    outer loop
      vertex 128.202 -22.9 27.7689
      vertex 128.035 -24.9 27.9155
      vertex 128.035 -22.9 27.9155
    endloop
  endfacet
  facet normal -0.895681 0 -0.444696
    outer loop
      vertex 128.571 -24.9 27.2174
      vertex 128.472 -22.9 27.4168
      vertex 128.571 -22.9 27.2174
    endloop
  endfacet
  facet normal -0.895681 -0 -0.444696
    outer loop
      vertex 128.472 -22.9 27.4168
      vertex 128.571 -24.9 27.2174
      vertex 128.472 -24.9 27.4168
    endloop
  endfacet
  facet normal -0.832604 0 -0.553869
    outer loop
      vertex 128.472 -24.9 27.4168
      vertex 128.349 -22.9 27.6017
      vertex 128.472 -22.9 27.4168
    endloop
  endfacet
  facet normal -0.832604 -0 -0.553869
    outer loop
      vertex 128.349 -22.9 27.6017
      vertex 128.472 -24.9 27.4168
      vertex 128.349 -24.9 27.6017
    endloop
  endfacet
  facet normal 0.320937 0 -0.947101
    outer loop
      vertex 126.349 -24.9 28.1374
      vertex 126.56 -22.9 28.2089
      vertex 126.56 -24.9 28.2089
    endloop
  endfacet
  facet normal 0.320937 0 -0.947101
    outer loop
      vertex 126.56 -22.9 28.2089
      vertex 126.349 -24.9 28.1374
      vertex 126.349 -22.9 28.1374
    endloop
  endfacet
  facet normal 0.0651764 0 -0.997874
    outer loop
      vertex 126.778 -24.9 28.2523
      vertex 127 -22.9 28.2668
      vertex 127 -24.9 28.2668
    endloop
  endfacet
  facet normal 0.0651764 0 -0.997874
    outer loop
      vertex 127 -22.9 28.2668
      vertex 126.778 -24.9 28.2523
      vertex 126.778 -22.9 28.2523
    endloop
  endfacet
  facet normal 0.751016 0 -0.660284
    outer loop
      vertex 125.798 -24.9 27.7689
      vertex 125.651 -22.9 27.6017
      vertex 125.798 -22.9 27.7689
    endloop
  endfacet
  facet normal 0.751016 0 -0.660284
    outer loop
      vertex 125.651 -22.9 27.6017
      vertex 125.798 -24.9 27.7689
      vertex 125.651 -24.9 27.6017
    endloop
  endfacet
  facet normal 0.659714 0 -0.751516
    outer loop
      vertex 125.798 -24.9 27.7689
      vertex 125.965 -22.9 27.9155
      vertex 125.965 -24.9 27.9155
    endloop
  endfacet
  facet normal 0.659714 0 -0.751516
    outer loop
      vertex 125.965 -22.9 27.9155
      vertex 125.798 -24.9 27.7689
      vertex 125.798 -22.9 27.7689
    endloop
  endfacet
  facet normal 0.981113 0 -0.193434
    outer loop
      vertex 125.358 -24.9 27.0068
      vertex 125.315 -22.9 26.7887
      vertex 125.358 -22.9 27.0068
    endloop
  endfacet
  facet normal 0.981113 0 -0.193434
    outer loop
      vertex 125.315 -22.9 26.7887
      vertex 125.358 -24.9 27.0068
      vertex 125.315 -24.9 26.7887
    endloop
  endfacet
  facet normal 0.997723 0 -0.0674441
    outer loop
      vertex 125.315 -24.9 26.7887
      vertex 125.3 -22.9 26.5668
      vertex 125.315 -22.9 26.7887
    endloop
  endfacet
  facet normal 0.997723 0 -0.0674441
    outer loop
      vertex 125.3 -22.9 26.5668
      vertex 125.315 -24.9 26.7887
      vertex 125.3 -24.9 26.5668
    endloop
  endfacet
  facet normal -0.751016 0 -0.660284
    outer loop
      vertex 128.349 -24.9 27.6017
      vertex 128.202 -22.9 27.7689
      vertex 128.349 -22.9 27.6017
    endloop
  endfacet
  facet normal -0.751016 -0 -0.660284
    outer loop
      vertex 128.202 -22.9 27.7689
      vertex 128.349 -24.9 27.6017
      vertex 128.202 -24.9 27.7689
    endloop
  endfacet
  facet normal 0.832604 0 -0.553869
    outer loop
      vertex 125.651 -24.9 27.6017
      vertex 125.528 -22.9 27.4168
      vertex 125.651 -22.9 27.6017
    endloop
  endfacet
  facet normal 0.832604 0 -0.553869
    outer loop
      vertex 125.528 -22.9 27.4168
      vertex 125.651 -24.9 27.6017
      vertex 125.528 -24.9 27.4168
    endloop
  endfacet
  facet normal 0.442883 0 -0.896579
    outer loop
      vertex 126.15 -24.9 28.0391
      vertex 126.349 -22.9 28.1374
      vertex 126.349 -24.9 28.1374
    endloop
  endfacet
  facet normal 0.442883 0 -0.896579
    outer loop
      vertex 126.349 -22.9 28.1374
      vertex 126.15 -24.9 28.0391
      vertex 126.15 -22.9 28.0391
    endloop
  endfacet
  facet normal 0.55553 0 -0.831497
    outer loop
      vertex 125.965 -24.9 27.9155
      vertex 126.15 -22.9 28.0391
      vertex 126.15 -24.9 28.0391
    endloop
  endfacet
  facet normal 0.55553 0 -0.831497
    outer loop
      vertex 126.15 -22.9 28.0391
      vertex 125.965 -24.9 27.9155
      vertex 125.965 -22.9 27.9155
    endloop
  endfacet
  facet normal -1 0 0
    outer loop
      vertex 22.5 -10 6
      vertex 22.5 10 23.5
      vertex 22.5 10 6
    endloop
  endfacet
  facet normal -1 -0 0
    outer loop
      vertex 22.5 10 23.5
      vertex 22.5 -10 6
      vertex 22.5 -10 23.5
    endloop
  endfacet
  facet normal -0 0 1
    outer loop
      vertex 22.5 10 23.5
      vertex 26.5 -10 23.5
      vertex 26.5 10 23.5
    endloop
  endfacet
  facet normal 0 0 1
    outer loop
      vertex 26.5 -10 23.5
      vertex 22.5 10 23.5
      vertex 22.5 -10 23.5
    endloop
  endfacet
  facet normal 1 -0 0
    outer loop
      vertex 26.5 -10 23.5
      vertex 26.5 10 10.5
      vertex 26.5 10 23.5
    endloop
  endfacet
  facet normal 1 0 0
    outer loop
      vertex 26.5 10 10.5
      vertex 26.5 -10 23.5
      vertex 26.5 -10 10.5
    endloop
  endfacet
  facet normal 0 1 0
    outer loop
      vertex 47.5 10 23.5
      vertex 43.5 10 10.5
      vertex 43.5 10 23.5
    endloop
  endfacet
  facet normal 0 1 0
    outer loop
      vertex 43.5 10 10.5
      vertex 47.5 10 6
      vertex 26.5 10 10.5
    endloop
  endfacet
  facet normal 0 1 -0
    outer loop
      vertex 47.5 10 6
      vertex 43.5 10 10.5
      vertex 47.5 10 23.5
    endloop
  endfacet
  facet normal 0 1 -0
    outer loop
      vertex 26.5 10 10.5
      vertex 22.5 10 23.5
      vertex 26.5 10 23.5
    endloop
  endfacet
  facet normal 0 1 0
    outer loop
      vertex 26.5 10 10.5
      vertex 22.5 10 6
      vertex 22.5 10 23.5
    endloop
  endfacet
  facet normal 0 1 0
    outer loop
      vertex 22.5 10 6
      vertex 26.5 10 10.5
      vertex 47.5 10 6
    endloop
  endfacet
  facet normal 0 -1 0
    outer loop
      vertex 22.5 -10 23.5
      vertex 26.5 -10 10.5
      vertex 26.5 -10 23.5
    endloop
  endfacet
  facet normal 0 -1 -0
    outer loop
      vertex 26.5 -10 10.5
      vertex 22.5 -10 6
      vertex 43.5 -10 10.5
    endloop
  endfacet
  facet normal 0 -1 0
    outer loop
      vertex 22.5 -10 6
      vertex 26.5 -10 10.5
      vertex 22.5 -10 23.5
    endloop
  endfacet
  facet normal 0 -1 0
    outer loop
      vertex 43.5 -10 10.5
      vertex 47.5 -10 23.5
      vertex 43.5 -10 23.5
    endloop
  endfacet
  facet normal 0 -1 0
    outer loop
      vertex 43.5 -10 10.5
      vertex 47.5 -10 6
      vertex 47.5 -10 23.5
    endloop
  endfacet
  facet normal 0 -1 0
    outer loop
      vertex 47.5 -10 6
      vertex 43.5 -10 10.5
      vertex 22.5 -10 6
    endloop
  endfacet
  facet normal -1 0 0
    outer loop
      vertex 43.5 -10 10.5
      vertex 43.5 10 23.5
      vertex 43.5 10 10.5
    endloop
  endfacet
  facet normal -1 -0 0
    outer loop
      vertex 43.5 10 23.5
      vertex 43.5 -10 10.5
      vertex 43.5 -10 23.5
    endloop
  endfacet
  facet normal -0 0 1
    outer loop
      vertex 43.5 10 23.5
      vertex 47.5 -10 23.5
      vertex 47.5 10 23.5
    endloop
  endfacet
  facet normal 0 0 1
    outer loop
      vertex 47.5 -10 23.5
      vertex 43.5 10 23.5
      vertex 43.5 -10 23.5
    endloop
  endfacet
  facet normal 1 -0 0
    outer loop
      vertex 47.5 -10 23.5
      vertex 47.5 10 6
      vertex 47.5 10 23.5
    endloop
  endfacet
  facet normal 1 0 0
    outer loop
      vertex 47.5 10 6
      vertex 47.5 -10 23.5
      vertex 47.5 -10 6
    endloop
  endfacet
  facet normal 0 0 1
    outer loop
      vertex 43.5 10 10.5
      vertex 42 7 10.5
      vertex 43.5 -10 10.5
    endloop
  endfacet
  facet normal 0 0 1
    outer loop
      vertex 43.5 10 10.5
      vertex 28 7 10.5
      vertex 42 7 10.5
    endloop
  endfacet
  facet normal 0 0 1
    outer loop
      vertex 28 7 10.5
      vertex 26.5 10 10.5
      vertex 28 -7 10.5
    endloop
  endfacet
  facet normal -0 0 1
    outer loop
      vertex 26.5 10 10.5
      vertex 28 7 10.5
      vertex 43.5 10 10.5
    endloop
  endfacet
  facet normal -0 0 1
    outer loop
      vertex 42 -7 10.5
      vertex 43.5 -10 10.5
      vertex 42 7 10.5
    endloop
  endfacet
  facet normal -0 0 1
    outer loop
      vertex 28 -7 10.5
      vertex 43.5 -10 10.5
      vertex 42 -7 10.5
    endloop
  endfacet
  facet normal 0 0 1
    outer loop
      vertex 28 -7 10.5
      vertex 26.5 -10 10.5
      vertex 43.5 -10 10.5
    endloop
  endfacet
  facet normal 0 0 1
    outer loop
      vertex 26.5 -10 10.5
      vertex 28 -7 10.5
      vertex 26.5 10 10.5
    endloop
  endfacet
  facet normal 0.997856 0.0654401 0
    outer loop
      vertex 20 0 0
      vertex 19.9572 0.652631 -12
      vertex 19.9572 0.652631 0
    endloop
  endfacet
  facet normal 0.997856 0.0654401 0
    outer loop
      vertex 19.9572 0.652631 -12
      vertex 20 0 0
      vertex 20 0 -12
    endloop
  endfacet
  facet normal -0.997856 -0.0654401 0
    outer loop
      vertex 10.0428 -0.652631 -12
      vertex 10 0 0
      vertex 10 0 -12
    endloop
  endfacet
  facet normal -0.997856 -0.0654401 0
    outer loop
      vertex 10 0 0
      vertex 10.0428 -0.652631 -12
      vertex 10.0428 -0.652631 0
    endloop
  endfacet
  facet normal -0.0654128 0.997858 0
    outer loop
      vertex 15 5 -12
      vertex 14.3474 4.95722 0
      vertex 15 5 0
    endloop
  endfacet
  facet normal -0.0654128 0.997858 0
    outer loop
      vertex 14.3474 4.95722 0
      vertex 15 5 -12
      vertex 14.3474 4.95722 -12
    endloop
  endfacet
  facet normal 0.0654128 -0.997858 0
    outer loop
      vertex 15 -5 -12
      vertex 15.6526 -4.95722 0
      vertex 15 -5 0
    endloop
  endfacet
  facet normal 0.0654128 -0.997858 0
    outer loop
      vertex 15.6526 -4.95722 0
      vertex 15 -5 -12
      vertex 15.6526 -4.95722 -12
    endloop
  endfacet
  facet normal 0.659372 0.751817 -0
    outer loop
      vertex 18.5355 3.53553 -12
      vertex 18.0438 3.96677 0
      vertex 18.5355 3.53553 0
    endloop
  endfacet
  facet normal 0.659372 0.751817 0
    outer loop
      vertex 18.0438 3.96677 0
      vertex 18.5355 3.53553 -12
      vertex 18.0438 3.96677 -12
    endloop
  endfacet
  facet normal -0.751784 0.659409 0
    outer loop
      vertex 11.0332 3.04381 -12
      vertex 11.4645 3.53553 0
      vertex 11.4645 3.53553 -12
    endloop
  endfacet
  facet normal -0.751784 0.659409 0
    outer loop
      vertex 11.4645 3.53553 0
      vertex 11.0332 3.04381 -12
      vertex 11.0332 3.04381 0
    endloop
  endfacet
  facet normal -0.442277 0.896878 0
    outer loop
      vertex 13.0866 4.6194 -12
      vertex 12.5 4.33013 0
      vertex 13.0866 4.6194 0
    endloop
  endfacet
  facet normal -0.442277 0.896878 0
    outer loop
      vertex 12.5 4.33013 0
      vertex 13.0866 4.6194 -12
      vertex 12.5 4.33013 -12
    endloop
  endfacet
  facet normal 0.896854 0.442327 0
    outer loop
      vertex 19.6194 1.91342 0
      vertex 19.3301 2.5 -12
      vertex 19.3301 2.5 0
    endloop
  endfacet
  facet normal 0.896854 0.442327 0
    outer loop
      vertex 19.3301 2.5 -12
      vertex 19.6194 1.91342 0
      vertex 19.6194 1.91342 -12
    endloop
  endfacet
  facet normal 0.980784 0.195096 0
    outer loop
      vertex 19.9572 0.652631 0
      vertex 19.8296 1.2941 -12
      vertex 19.8296 1.2941 0
    endloop
  endfacet
  facet normal 0.980784 0.195096 0
    outer loop
      vertex 19.8296 1.2941 -12
      vertex 19.9572 0.652631 0
      vertex 19.9572 0.652631 -12
    endloop
  endfacet
  facet normal 0.321448 0.946927 -0
    outer loop
      vertex 16.9134 4.6194 -12
      vertex 16.2941 4.82963 0
      vertex 16.9134 4.6194 0
    endloop
  endfacet
  facet normal 0.321448 0.946927 0
    outer loop
      vertex 16.2941 4.82963 0
      vertex 16.9134 4.6194 -12
      vertex 16.2941 4.82963 -12
    endloop
  endfacet
  facet normal 0.555575 0.831466 -0
    outer loop
      vertex 18.0438 3.96677 -12
      vertex 17.5 4.33013 0
      vertex 18.0438 3.96677 0
    endloop
  endfacet
  facet normal 0.555575 0.831466 0
    outer loop
      vertex 17.5 4.33013 0
      vertex 18.0438 3.96677 -12
      vertex 17.5 4.33013 -12
    endloop
  endfacet
  facet normal -0.896854 0.442327 0
    outer loop
      vertex 10.3806 1.91342 -12
      vertex 10.6699 2.5 0
      vertex 10.6699 2.5 -12
    endloop
  endfacet
  facet normal -0.896854 0.442327 0
    outer loop
      vertex 10.6699 2.5 0
      vertex 10.3806 1.91342 -12
      vertex 10.3806 1.91342 0
    endloop
  endfacet
  facet normal -0.831514 0.555504 0
    outer loop
      vertex 10.6699 2.5 -12
      vertex 11.0332 3.04381 0
      vertex 11.0332 3.04381 -12
    endloop
  endfacet
  facet normal -0.831514 0.555504 0
    outer loop
      vertex 11.0332 3.04381 0
      vertex 10.6699 2.5 -12
      vertex 10.6699 2.5 0
    endloop
  endfacet
  facet normal -0.980784 0.195096 0
    outer loop
      vertex 10.0428 0.652631 -12
      vertex 10.1704 1.2941 0
      vertex 10.1704 1.2941 -12
    endloop
  endfacet
  facet normal -0.980784 0.195096 0
    outer loop
      vertex 10.1704 1.2941 0
      vertex 10.0428 0.652631 -12
      vertex 10.0428 0.652631 0
    endloop
  endfacet
  facet normal -0.659372 0.751817 0
    outer loop
      vertex 11.9562 3.96677 -12
      vertex 11.4645 3.53553 0
      vertex 11.9562 3.96677 0
    endloop
  endfacet
  facet normal -0.659372 0.751817 0
    outer loop
      vertex 11.4645 3.53553 0
      vertex 11.9562 3.96677 -12
      vertex 11.4645 3.53553 -12
    endloop
  endfacet
  facet normal -0.195072 0.980789 0
    outer loop
      vertex 14.3474 4.95722 -12
      vertex 13.7059 4.82963 0
      vertex 14.3474 4.95722 0
    endloop
  endfacet
  facet normal -0.195072 0.980789 0
    outer loop
      vertex 13.7059 4.82963 0
      vertex 14.3474 4.95722 -12
      vertex 13.7059 4.82963 -12
    endloop
  endfacet
  facet normal 0.946944 0.321397 0
    outer loop
      vertex 19.8296 1.2941 0
      vertex 19.6194 1.91342 -12
      vertex 19.6194 1.91342 0
    endloop
  endfacet
  facet normal 0.946944 0.321397 0
    outer loop
      vertex 19.6194 1.91342 -12
      vertex 19.8296 1.2941 0
      vertex 19.8296 1.2941 -12
    endloop
  endfacet
  facet normal 0.751784 0.659409 0
    outer loop
      vertex 18.9668 3.04381 0
      vertex 18.5355 3.53553 -12
      vertex 18.5355 3.53553 0
    endloop
  endfacet
  facet normal 0.751784 0.659409 0
    outer loop
      vertex 18.5355 3.53553 -12
      vertex 18.9668 3.04381 0
      vertex 18.9668 3.04381 -12
    endloop
  endfacet
  facet normal 0.831514 0.555504 0
    outer loop
      vertex 19.3301 2.5 0
      vertex 18.9668 3.04381 -12
      vertex 18.9668 3.04381 0
    endloop
  endfacet
  facet normal 0.831514 0.555504 0
    outer loop
      vertex 18.9668 3.04381 -12
      vertex 19.3301 2.5 0
      vertex 19.3301 2.5 -12
    endloop
  endfacet
  facet normal 0.195072 0.980789 -0
    outer loop
      vertex 16.2941 4.82963 -12
      vertex 15.6526 4.95722 0
      vertex 16.2941 4.82963 0
    endloop
  endfacet
  facet normal 0.195072 0.980789 0
    outer loop
      vertex 15.6526 4.95722 0
      vertex 16.2941 4.82963 -12
      vertex 15.6526 4.95722 -12
    endloop
  endfacet
  facet normal 0.0654128 0.997858 -0
    outer loop
      vertex 15.6526 4.95722 -12
      vertex 15 5 0
      vertex 15.6526 4.95722 0
    endloop
  endfacet
  facet normal 0.0654128 0.997858 0
    outer loop
      vertex 15 5 0
      vertex 15.6526 4.95722 -12
      vertex 15 5 -12
    endloop
  endfacet
  facet normal 0 0 -1
    outer loop
      vertex 19.9572 -0.652631 -12
      vertex 19.9572 0.652631 -12
      vertex 20 0 -12
    endloop
  endfacet
  facet normal 0 0 -1
    outer loop
      vertex 19.8296 -1.2941 -12
      vertex 19.9572 0.652631 -12
      vertex 19.9572 -0.652631 -12
    endloop
  endfacet
  facet normal 0 0 -1
    outer loop
      vertex 19.8296 -1.2941 -12
      vertex 19.8296 1.2941 -12
      vertex 19.9572 0.652631 -12
    endloop
  endfacet
  facet normal 0 0 -1
    outer loop
      vertex 19.6194 -1.91342 -12
      vertex 19.8296 1.2941 -12
      vertex 19.8296 -1.2941 -12
    endloop
  endfacet
  facet normal 0 0 -1
    outer loop
      vertex 19.6194 -1.91342 -12
      vertex 19.6194 1.91342 -12
      vertex 19.8296 1.2941 -12
    endloop
  endfacet
  facet normal 0 0 -1
    outer loop
      vertex 19.3301 -2.5 -12
      vertex 19.6194 1.91342 -12
      vertex 19.6194 -1.91342 -12
    endloop
  endfacet
  facet normal 0 0 -1
    outer loop
      vertex 19.3301 -2.5 -12
      vertex 19.3301 2.5 -12
      vertex 19.6194 1.91342 -12
    endloop
  endfacet
  facet normal 0 0 -1
    outer loop
      vertex 18.9668 -3.04381 -12
      vertex 19.3301 2.5 -12
      vertex 19.3301 -2.5 -12
    endloop
  endfacet
  facet normal 0 0 -1
    outer loop
      vertex 18.9668 -3.04381 -12
      vertex 18.9668 3.04381 -12
      vertex 19.3301 2.5 -12
    endloop
  endfacet
  facet normal 0 0 -1
    outer loop
      vertex 18.5355 -3.53553 -12
      vertex 18.9668 3.04381 -12
      vertex 18.9668 -3.04381 -12
    endloop
  endfacet
  facet normal 0 0 -1
    outer loop
      vertex 18.5355 -3.53553 -12
      vertex 18.5355 3.53553 -12
      vertex 18.9668 3.04381 -12
    endloop
  endfacet
  facet normal 0 0 -1
    outer loop
      vertex 18.0438 -3.96677 -12
      vertex 18.5355 3.53553 -12
      vertex 18.5355 -3.53553 -12
    endloop
  endfacet
  facet normal 0 0 -1
    outer loop
      vertex 18.0438 -3.96677 -12
      vertex 18.0438 3.96677 -12
      vertex 18.5355 3.53553 -12
    endloop
  endfacet
  facet normal 0 0 -1
    outer loop
      vertex 17.5 -4.33013 -12
      vertex 18.0438 3.96677 -12
      vertex 18.0438 -3.96677 -12
    endloop
  endfacet
  facet normal 0 0 -1
    outer loop
      vertex 17.5 -4.33013 -12
      vertex 17.5 4.33013 -12
      vertex 18.0438 3.96677 -12
    endloop
  endfacet
  facet normal 0 0 -1
    outer loop
      vertex 16.9134 -4.6194 -12
      vertex 17.5 4.33013 -12
      vertex 17.5 -4.33013 -12
    endloop
  endfacet
  facet normal 0 0 -1
    outer loop
      vertex 16.9134 -4.6194 -12
      vertex 16.9134 4.6194 -12
      vertex 17.5 4.33013 -12
    endloop
  endfacet
  facet normal 0 0 -1
    outer loop
      vertex 16.2941 -4.82963 -12
      vertex 16.9134 4.6194 -12
      vertex 16.9134 -4.6194 -12
    endloop
  endfacet
  facet normal 0 0 -1
    outer loop
      vertex 16.2941 -4.82963 -12
      vertex 16.2941 4.82963 -12
      vertex 16.9134 4.6194 -12
    endloop
  endfacet
  facet normal 0 0 -1
    outer loop
      vertex 15.6526 -4.95722 -12
      vertex 16.2941 4.82963 -12
      vertex 16.2941 -4.82963 -12
    endloop
  endfacet
  facet normal 0 0 -1
    outer loop
      vertex 15.6526 -4.95722 -12
      vertex 15.6526 4.95722 -12
      vertex 16.2941 4.82963 -12
    endloop
  endfacet
  facet normal 0 0 -1
    outer loop
      vertex 15 -5 -12
      vertex 15.6526 4.95722 -12
      vertex 15.6526 -4.95722 -12
    endloop
  endfacet
  facet normal 0 0 -1
    outer loop
      vertex 15 -5 -12
      vertex 15 5 -12
      vertex 15.6526 4.95722 -12
    endloop
  endfacet
  facet normal 0 0 -1
    outer loop
      vertex 14.3474 -4.95722 -12
      vertex 15 5 -12
      vertex 15 -5 -12
    endloop
  endfacet
  facet normal 0 0 -1
    outer loop
      vertex 14.3474 -4.95722 -12
      vertex 14.3474 4.95722 -12
      vertex 15 5 -12
    endloop
  endfacet
  facet normal 0 0 -1
    outer loop
      vertex 13.7059 -4.82963 -12
      vertex 14.3474 4.95722 -12
      vertex 14.3474 -4.95722 -12
    endloop
  endfacet
  facet normal 0 0 -1
    outer loop
      vertex 13.7059 -4.82963 -12
      vertex 13.7059 4.82963 -12
      vertex 14.3474 4.95722 -12
    endloop
  endfacet
  facet normal 0 0 -1
    outer loop
      vertex 13.0866 -4.6194 -12
      vertex 13.7059 4.82963 -12
      vertex 13.7059 -4.82963 -12
    endloop
  endfacet
  facet normal 0 0 -1
    outer loop
      vertex 13.0866 -4.6194 -12
      vertex 13.0866 4.6194 -12
      vertex 13.7059 4.82963 -12
    endloop
  endfacet
  facet normal 0 0 -1
    outer loop
      vertex 12.5 -4.33013 -12
      vertex 13.0866 4.6194 -12
      vertex 13.0866 -4.6194 -12
    endloop
  endfacet
  facet normal 0 0 -1
    outer loop
      vertex 12.5 -4.33013 -12
      vertex 12.5 4.33013 -12
      vertex 13.0866 4.6194 -12
    endloop
  endfacet
  facet normal 0 0 -1
    outer loop
      vertex 11.9562 -3.96677 -12
      vertex 12.5 4.33013 -12
      vertex 12.5 -4.33013 -12
    endloop
  endfacet
  facet normal 0 0 -1
    outer loop
      vertex 11.9562 -3.96677 -12
      vertex 11.9562 3.96677 -12
      vertex 12.5 4.33013 -12
    endloop
  endfacet
  facet normal 0 0 -1
    outer loop
      vertex 11.4645 -3.53553 -12
      vertex 11.9562 3.96677 -12
      vertex 11.9562 -3.96677 -12
    endloop
  endfacet
  facet normal 0 0 -1
    outer loop
      vertex 11.4645 -3.53553 -12
      vertex 11.4645 3.53553 -12
      vertex 11.9562 3.96677 -12
    endloop
  endfacet
  facet normal 0 0 -1
    outer loop
      vertex 11.0332 -3.04381 -12
      vertex 11.4645 3.53553 -12
      vertex 11.4645 -3.53553 -12
    endloop
  endfacet
  facet normal 0 0 -1
    outer loop
      vertex 11.0332 -3.04381 -12
      vertex 11.0332 3.04381 -12
      vertex 11.4645 3.53553 -12
    endloop
  endfacet
  facet normal 0 0 -1
    outer loop
      vertex 10.6699 -2.5 -12
      vertex 11.0332 3.04381 -12
      vertex 11.0332 -3.04381 -12
    endloop
  endfacet
  facet normal 0 0 -1
    outer loop
      vertex 10.6699 -2.5 -12
      vertex 10.6699 2.5 -12
      vertex 11.0332 3.04381 -12
    endloop
  endfacet
  facet normal 0 0 -1
    outer loop
      vertex 10.3806 -1.91342 -12
      vertex 10.6699 2.5 -12
      vertex 10.6699 -2.5 -12
    endloop
  endfacet
  facet normal 0 0 -1
    outer loop
      vertex 10.3806 -1.91342 -12
      vertex 10.3806 1.91342 -12
      vertex 10.6699 2.5 -12
    endloop
  endfacet
  facet normal 0 0 -1
    outer loop
      vertex 10.1704 -1.2941 -12
      vertex 10.3806 1.91342 -12
      vertex 10.3806 -1.91342 -12
    endloop
  endfacet
  facet normal 0 0 -1
    outer loop
      vertex 10.1704 -1.2941 -12
      vertex 10.1704 1.2941 -12
      vertex 10.3806 1.91342 -12
    endloop
  endfacet
  facet normal 0 0 -1
    outer loop
      vertex 10.0428 -0.652631 -12
      vertex 10.1704 1.2941 -12
      vertex 10.1704 -1.2941 -12
    endloop
  endfacet
  facet normal 0 0 -1
    outer loop
      vertex 10.0428 -0.652631 -12
      vertex 10.0428 0.652631 -12
      vertex 10.1704 1.2941 -12
    endloop
  endfacet
  facet normal 0 -0 -1
    outer loop
      vertex 10.0428 0.652631 -12
      vertex 10.0428 -0.652631 -12
      vertex 10 0 -12
    endloop
  endfacet
  facet normal -0.946944 0.321397 0
    outer loop
      vertex 10.1704 1.2941 -12
      vertex 10.3806 1.91342 0
      vertex 10.3806 1.91342 -12
    endloop
  endfacet
  facet normal -0.946944 0.321397 0
    outer loop
      vertex 10.3806 1.91342 0
      vertex 10.1704 1.2941 -12
      vertex 10.1704 1.2941 0
    endloop
  endfacet
  facet normal -0.997856 0.0654401 0
    outer loop
      vertex 10 0 -12
      vertex 10.0428 0.652631 0
      vertex 10.0428 0.652631 -12
    endloop
  endfacet
  facet normal -0.997856 0.0654401 0
    outer loop
      vertex 10.0428 0.652631 0
      vertex 10 0 -12
      vertex 10 0 0
    endloop
  endfacet
  facet normal -0.555575 0.831466 0
    outer loop
      vertex 12.5 4.33013 -12
      vertex 11.9562 3.96677 0
      vertex 12.5 4.33013 0
    endloop
  endfacet
  facet normal -0.555575 0.831466 0
    outer loop
      vertex 11.9562 3.96677 0
      vertex 12.5 4.33013 -12
      vertex 11.9562 3.96677 -12
    endloop
  endfacet
  facet normal -0.321448 0.946927 0
    outer loop
      vertex 13.7059 4.82963 -12
      vertex 13.0866 4.6194 0
      vertex 13.7059 4.82963 0
    endloop
  endfacet
  facet normal -0.321448 0.946927 0
    outer loop
      vertex 13.0866 4.6194 0
      vertex 13.7059 4.82963 -12
      vertex 13.0866 4.6194 -12
    endloop
  endfacet
  facet normal 0.997856 -0.0654401 0
    outer loop
      vertex 19.9572 -0.652631 0
      vertex 20 0 -12
      vertex 20 0 0
    endloop
  endfacet
  facet normal 0.997856 -0.0654401 0
    outer loop
      vertex 20 0 -12
      vertex 19.9572 -0.652631 0
      vertex 19.9572 -0.652631 -12
    endloop
  endfacet
  facet normal 0.751784 -0.659409 0
    outer loop
      vertex 18.5355 -3.53553 0
      vertex 18.9668 -3.04381 -12
      vertex 18.9668 -3.04381 0
    endloop
  endfacet
  facet normal 0.751784 -0.659409 0
    outer loop
      vertex 18.9668 -3.04381 -12
      vertex 18.5355 -3.53553 0
      vertex 18.5355 -3.53553 -12
    endloop
  endfacet
  facet normal 0.980784 -0.195096 0
    outer loop
      vertex 19.8296 -1.2941 0
      vertex 19.9572 -0.652631 -12
      vertex 19.9572 -0.652631 0
    endloop
  endfacet
  facet normal 0.980784 -0.195096 0
    outer loop
      vertex 19.9572 -0.652631 -12
      vertex 19.8296 -1.2941 0
      vertex 19.8296 -1.2941 -12
    endloop
  endfacet
  facet normal 0.442277 -0.896878 0
    outer loop
      vertex 16.9134 -4.6194 -12
      vertex 17.5 -4.33013 0
      vertex 16.9134 -4.6194 0
    endloop
  endfacet
  facet normal 0.442277 -0.896878 0
    outer loop
      vertex 17.5 -4.33013 0
      vertex 16.9134 -4.6194 -12
      vertex 17.5 -4.33013 -12
    endloop
  endfacet
  facet normal 0.442277 0.896878 -0
    outer loop
      vertex 17.5 4.33013 -12
      vertex 16.9134 4.6194 0
      vertex 17.5 4.33013 0
    endloop
  endfacet
  facet normal 0.442277 0.896878 0
    outer loop
      vertex 16.9134 4.6194 0
      vertex 17.5 4.33013 -12
      vertex 16.9134 4.6194 -12
    endloop
  endfacet
  facet normal 0.555575 -0.831466 0
    outer loop
      vertex 17.5 -4.33013 -12
      vertex 18.0438 -3.96677 0
      vertex 17.5 -4.33013 0
    endloop
  endfacet
  facet normal 0.555575 -0.831466 0
    outer loop
      vertex 18.0438 -3.96677 0
      vertex 17.5 -4.33013 -12
      vertex 18.0438 -3.96677 -12
    endloop
  endfacet
  facet normal 0.946944 -0.321397 0
    outer loop
      vertex 19.6194 -1.91342 0
      vertex 19.8296 -1.2941 -12
      vertex 19.8296 -1.2941 0
    endloop
  endfacet
  facet normal 0.946944 -0.321397 0
    outer loop
      vertex 19.8296 -1.2941 -12
      vertex 19.6194 -1.91342 0
      vertex 19.6194 -1.91342 -12
    endloop
  endfacet
  facet normal 0.896854 -0.442327 0
    outer loop
      vertex 19.3301 -2.5 0
      vertex 19.6194 -1.91342 -12
      vertex 19.6194 -1.91342 0
    endloop
  endfacet
  facet normal 0.896854 -0.442327 0
    outer loop
      vertex 19.6194 -1.91342 -12
      vertex 19.3301 -2.5 0
      vertex 19.3301 -2.5 -12
    endloop
  endfacet
  facet normal 0.831514 -0.555504 0
    outer loop
      vertex 18.9668 -3.04381 0
      vertex 19.3301 -2.5 -12
      vertex 19.3301 -2.5 0
    endloop
  endfacet
  facet normal 0.831514 -0.555504 0
    outer loop
      vertex 19.3301 -2.5 -12
      vertex 18.9668 -3.04381 0
      vertex 18.9668 -3.04381 -12
    endloop
  endfacet
  facet normal -0.321448 -0.946927 0
    outer loop
      vertex 13.0866 -4.6194 -12
      vertex 13.7059 -4.82963 0
      vertex 13.0866 -4.6194 0
    endloop
  endfacet
  facet normal -0.321448 -0.946927 -0
    outer loop
      vertex 13.7059 -4.82963 0
      vertex 13.0866 -4.6194 -12
      vertex 13.7059 -4.82963 -12
    endloop
  endfacet
  facet normal -0.659372 -0.751817 0
    outer loop
      vertex 11.4645 -3.53553 -12
      vertex 11.9562 -3.96677 0
      vertex 11.4645 -3.53553 0
    endloop
  endfacet
  facet normal -0.659372 -0.751817 -0
    outer loop
      vertex 11.9562 -3.96677 0
      vertex 11.4645 -3.53553 -12
      vertex 11.9562 -3.96677 -12
    endloop
  endfacet
  facet normal -0.831514 -0.555504 0
    outer loop
      vertex 11.0332 -3.04381 -12
      vertex 10.6699 -2.5 0
      vertex 10.6699 -2.5 -12
    endloop
  endfacet
  facet normal -0.831514 -0.555504 0
    outer loop
      vertex 10.6699 -2.5 0
      vertex 11.0332 -3.04381 -12
      vertex 11.0332 -3.04381 0
    endloop
  endfacet
  facet normal -0.980784 -0.195096 0
    outer loop
      vertex 10.1704 -1.2941 -12
      vertex 10.0428 -0.652631 0
      vertex 10.0428 -0.652631 -12
    endloop
  endfacet
  facet normal -0.980784 -0.195096 0
    outer loop
      vertex 10.0428 -0.652631 0
      vertex 10.1704 -1.2941 -12
      vertex 10.1704 -1.2941 0
    endloop
  endfacet
  facet normal -0.946944 -0.321397 0
    outer loop
      vertex 10.3806 -1.91342 -12
      vertex 10.1704 -1.2941 0
      vertex 10.1704 -1.2941 -12
    endloop
  endfacet
  facet normal -0.946944 -0.321397 0
    outer loop
      vertex 10.1704 -1.2941 0
      vertex 10.3806 -1.91342 -12
      vertex 10.3806 -1.91342 0
    endloop
  endfacet
  facet normal -0.896854 -0.442327 0
    outer loop
      vertex 10.6699 -2.5 -12
      vertex 10.3806 -1.91342 0
      vertex 10.3806 -1.91342 -12
    endloop
  endfacet
  facet normal -0.896854 -0.442327 0
    outer loop
      vertex 10.3806 -1.91342 0
      vertex 10.6699 -2.5 -12
      vertex 10.6699 -2.5 0
    endloop
  endfacet
  facet normal 0.321448 -0.946927 0
    outer loop
      vertex 16.2941 -4.82963 -12
      vertex 16.9134 -4.6194 0
      vertex 16.2941 -4.82963 0
    endloop
  endfacet
  facet normal 0.321448 -0.946927 0
    outer loop
      vertex 16.9134 -4.6194 0
      vertex 16.2941 -4.82963 -12
      vertex 16.9134 -4.6194 -12
    endloop
  endfacet
  facet normal 0.195072 -0.980789 0
    outer loop
      vertex 15.6526 -4.95722 -12
      vertex 16.2941 -4.82963 0
      vertex 15.6526 -4.95722 0
    endloop
  endfacet
  facet normal 0.195072 -0.980789 0
    outer loop
      vertex 16.2941 -4.82963 0
      vertex 15.6526 -4.95722 -12
      vertex 16.2941 -4.82963 -12
    endloop
  endfacet
  facet normal 0.659372 -0.751817 0
    outer loop
      vertex 18.0438 -3.96677 -12
      vertex 18.5355 -3.53553 0
      vertex 18.0438 -3.96677 0
    endloop
  endfacet
  facet normal 0.659372 -0.751817 0
    outer loop
      vertex 18.5355 -3.53553 0
      vertex 18.0438 -3.96677 -12
      vertex 18.5355 -3.53553 -12
    endloop
  endfacet
  facet normal -0.0654128 -0.997858 0
    outer loop
      vertex 14.3474 -4.95722 -12
      vertex 15 -5 0
      vertex 14.3474 -4.95722 0
    endloop
  endfacet
  facet normal -0.0654128 -0.997858 -0
    outer loop
      vertex 15 -5 0
      vertex 14.3474 -4.95722 -12
      vertex 15 -5 -12
    endloop
  endfacet
  facet normal -0.555575 -0.831466 0
    outer loop
      vertex 11.9562 -3.96677 -12
      vertex 12.5 -4.33013 0
      vertex 11.9562 -3.96677 0
    endloop
  endfacet
  facet normal -0.555575 -0.831466 -0
    outer loop
      vertex 12.5 -4.33013 0
      vertex 11.9562 -3.96677 -12
      vertex 12.5 -4.33013 -12
    endloop
  endfacet
  facet normal -0.195072 -0.980789 0
    outer loop
      vertex 13.7059 -4.82963 -12
      vertex 14.3474 -4.95722 0
      vertex 13.7059 -4.82963 0
    endloop
  endfacet
  facet normal -0.195072 -0.980789 -0
    outer loop
      vertex 14.3474 -4.95722 0
      vertex 13.7059 -4.82963 -12
      vertex 14.3474 -4.95722 -12
    endloop
  endfacet
  facet normal -0.751784 -0.659409 0
    outer loop
      vertex 11.4645 -3.53553 -12
      vertex 11.0332 -3.04381 0
      vertex 11.0332 -3.04381 -12
    endloop
  endfacet
  facet normal -0.751784 -0.659409 0
    outer loop
      vertex 11.0332 -3.04381 0
      vertex 11.4645 -3.53553 -12
      vertex 11.4645 -3.53553 0
    endloop
  endfacet
  facet normal -0.442277 -0.896878 0
    outer loop
      vertex 12.5 -4.33013 -12
      vertex 13.0866 -4.6194 0
      vertex 12.5 -4.33013 0
    endloop
  endfacet
  facet normal -0.442277 -0.896878 -0
    outer loop
      vertex 13.0866 -4.6194 0
      vertex 12.5 -4.33013 -12
      vertex 13.0866 -4.6194 -12
    endloop
  endfacet
  facet normal 0.997836 0.0657446 0
    outer loop
      vertex 130 0 0
      vertex 129.957 0.652631 -12
      vertex 129.957 0.652631 0
    endloop
  endfacet
  facet normal 0.997836 0.0657446 0
    outer loop
      vertex 129.957 0.652631 -12
      vertex 130 0 0
      vertex 130 0 -12
    endloop
  endfacet
  facet normal -0.0653729 0.997861 0
    outer loop
      vertex 125 5 -12
      vertex 124.347 4.95722 0
      vertex 125 5 0
    endloop
  endfacet
  facet normal -0.0653729 0.997861 0
    outer loop
      vertex 124.347 4.95722 0
      vertex 125 5 -12
      vertex 124.347 4.95722 -12
    endloop
  endfacet
  facet normal 0.0653729 -0.997861 0
    outer loop
      vertex 125 -5 -12
      vertex 125.653 -4.95722 0
      vertex 125 -5 0
    endloop
  endfacet
  facet normal 0.0653729 -0.997861 0
    outer loop
      vertex 125.653 -4.95722 0
      vertex 125 -5 -12
      vertex 125.653 -4.95722 -12
    endloop
  endfacet
  facet normal 0.659145 0.752016 -0
    outer loop
      vertex 128.536 3.53553 -12
      vertex 128.044 3.96677 0
      vertex 128.536 3.53553 0
    endloop
  endfacet
  facet normal 0.659145 0.752016 0
    outer loop
      vertex 128.044 3.96677 0
      vertex 128.536 3.53553 -12
      vertex 128.044 3.96677 -12
    endloop
  endfacet
  facet normal -0.752012 0.65915 0
    outer loop
      vertex 121.033 3.04381 -12
      vertex 121.464 3.53553 0
      vertex 121.464 3.53553 -12
    endloop
  endfacet
  facet normal -0.752012 0.65915 0
    outer loop
      vertex 121.464 3.53553 0
      vertex 121.033 3.04381 -12
      vertex 121.033 3.04381 0
    endloop
  endfacet
  facet normal -0.442035 0.896998 0
    outer loop
      vertex 123.087 4.6194 -12
      vertex 122.5 4.33013 0
      vertex 123.087 4.6194 0
    endloop
  endfacet
  facet normal -0.442035 0.896998 0
    outer loop
      vertex 122.5 4.33013 0
      vertex 123.087 4.6194 -12
      vertex 122.5 4.33013 -12
    endloop
  endfacet
  facet normal 0.946572 -0.322493 0
    outer loop
      vertex 129.619 -1.91342 0
      vertex 129.83 -1.2941 -12
      vertex 129.83 -1.2941 0
    endloop
  endfacet
  facet normal 0.946572 -0.322493 0
    outer loop
      vertex 129.83 -1.2941 -12
      vertex 129.619 -1.91342 0
      vertex 129.619 -1.91342 -12
    endloop
  endfacet
  facet normal 0.897036 0.441957 0
    outer loop
      vertex 129.619 1.91342 0
      vertex 129.33 2.5 -12
      vertex 129.33 2.5 0
    endloop
  endfacet
  facet normal 0.897036 0.441957 0
    outer loop
      vertex 129.33 2.5 -12
      vertex 129.619 1.91342 0
      vertex 129.619 1.91342 -12
    endloop
  endfacet
  facet normal 0.980959 0.194213 0
    outer loop
      vertex 129.957 0.652631 0
      vertex 129.83 1.2941 -12
      vertex 129.83 1.2941 0
    endloop
  endfacet
  facet normal 0.980959 0.194213 0
    outer loop
      vertex 129.83 1.2941 -12
      vertex 129.957 0.652631 0
      vertex 129.957 0.652631 -12
    endloop
  endfacet
  facet normal 0.321587 0.94688 -0
    outer loop
      vertex 126.913 4.6194 -12
      vertex 126.294 4.82963 0
      vertex 126.913 4.6194 0
    endloop
  endfacet
  facet normal 0.321587 0.94688 0
    outer loop
      vertex 126.294 4.82963 0
      vertex 126.913 4.6194 -12
      vertex 126.294 4.82963 -12
    endloop
  endfacet
  facet normal 0.555434 0.831561 -0
    outer loop
      vertex 128.044 3.96677 -12
      vertex 127.5 4.33013 0
      vertex 128.044 3.96677 0
    endloop
  endfacet
  facet normal 0.555434 0.831561 0
    outer loop
      vertex 127.5 4.33013 0
      vertex 128.044 3.96677 -12
      vertex 127.5 4.33013 -12
    endloop
  endfacet
  facet normal -0.946572 0.322493 0
    outer loop
      vertex 120.17 1.2941 -12
      vertex 120.381 1.91342 0
      vertex 120.381 1.91342 -12
    endloop
  endfacet
  facet normal -0.946572 0.322493 0
    outer loop
      vertex 120.381 1.91342 0
      vertex 120.17 1.2941 -12
      vertex 120.17 1.2941 0
    endloop
  endfacet
  facet normal -0.831725 0.555187 0
    outer loop
      vertex 120.67 2.5 -12
      vertex 121.033 3.04381 0
      vertex 121.033 3.04381 -12
    endloop
  endfacet
  facet normal -0.831725 0.555187 0
    outer loop
      vertex 121.033 3.04381 0
      vertex 120.67 2.5 -12
      vertex 120.67 2.5 0
    endloop
  endfacet
  facet normal -0.980959 0.194213 0
    outer loop
      vertex 120.043 0.652631 -12
      vertex 120.17 1.2941 0
      vertex 120.17 1.2941 -12
    endloop
  endfacet
  facet normal -0.980959 0.194213 0
    outer loop
      vertex 120.17 1.2941 0
      vertex 120.043 0.652631 -12
      vertex 120.043 0.652631 0
    endloop
  endfacet
  facet normal -0.195219 0.98076 0
    outer loop
      vertex 124.347 4.95722 -12
      vertex 123.706 4.82963 0
      vertex 124.347 4.95722 0
    endloop
  endfacet
  facet normal -0.195219 0.98076 0
    outer loop
      vertex 123.706 4.82963 0
      vertex 124.347 4.95722 -12
      vertex 123.706 4.82963 -12
    endloop
  endfacet
  facet normal -0.831725 -0.555187 0
    outer loop
      vertex 121.033 -3.04381 -12
      vertex 120.67 -2.5 0
      vertex 120.67 -2.5 -12
    endloop
  endfacet
  facet normal -0.831725 -0.555187 0
    outer loop
      vertex 120.67 -2.5 0
      vertex 121.033 -3.04381 -12
      vertex 121.033 -3.04381 0
    endloop
  endfacet
  facet normal 0.442035 -0.896998 0
    outer loop
      vertex 126.913 -4.6194 -12
      vertex 127.5 -4.33013 0
      vertex 126.913 -4.6194 0
    endloop
  endfacet
  facet normal 0.442035 -0.896998 0
    outer loop
      vertex 127.5 -4.33013 0
      vertex 126.913 -4.6194 -12
      vertex 127.5 -4.33013 -12
    endloop
  endfacet
  facet normal 0.946572 0.322493 0
    outer loop
      vertex 129.83 1.2941 0
      vertex 129.619 1.91342 -12
      vertex 129.619 1.91342 0
    endloop
  endfacet
  facet normal 0.946572 0.322493 0
    outer loop
      vertex 129.619 1.91342 -12
      vertex 129.83 1.2941 0
      vertex 129.83 1.2941 -12
    endloop
  endfacet
  facet normal 0.752012 0.65915 0
    outer loop
      vertex 128.967 3.04381 0
      vertex 128.536 3.53553 -12
      vertex 128.536 3.53553 0
    endloop
  endfacet
  facet normal 0.752012 0.65915 0
    outer loop
      vertex 128.536 3.53553 -12
      vertex 128.967 3.04381 0
      vertex 128.967 3.04381 -12
    endloop
  endfacet
  facet normal 0.831725 0.555187 0
    outer loop
      vertex 129.33 2.5 0
      vertex 128.967 3.04381 -12
      vertex 128.967 3.04381 0
    endloop
  endfacet
  facet normal 0.831725 0.555187 0
    outer loop
      vertex 128.967 3.04381 -12
      vertex 129.33 2.5 0
      vertex 129.33 2.5 -12
    endloop
  endfacet
  facet normal 0.195219 0.98076 -0
    outer loop
      vertex 126.294 4.82963 -12
      vertex 125.653 4.95722 0
      vertex 126.294 4.82963 0
    endloop
  endfacet
  facet normal 0.195219 0.98076 0
    outer loop
      vertex 125.653 4.95722 0
      vertex 126.294 4.82963 -12
      vertex 125.653 4.95722 -12
    endloop
  endfacet
  facet normal 0.0653729 0.997861 -0
    outer loop
      vertex 125.653 4.95722 -12
      vertex 125 5 0
      vertex 125.653 4.95722 0
    endloop
  endfacet
  facet normal 0.0653729 0.997861 0
    outer loop
      vertex 125 5 0
      vertex 125.653 4.95722 -12
      vertex 125 5 -12
    endloop
  endfacet
  facet normal 0.442035 0.896998 -0
    outer loop
      vertex 127.5 4.33013 -12
      vertex 126.913 4.6194 0
      vertex 127.5 4.33013 0
    endloop
  endfacet
  facet normal 0.442035 0.896998 0
    outer loop
      vertex 126.913 4.6194 0
      vertex 127.5 4.33013 -12
      vertex 126.913 4.6194 -12
    endloop
  endfacet
  facet normal 0 0 -1
    outer loop
      vertex 129.957 -0.652631 -12
      vertex 129.957 0.652631 -12
      vertex 130 0 -12
    endloop
  endfacet
  facet normal 0 0 -1
    outer loop
      vertex 129.83 -1.2941 -12
      vertex 129.957 0.652631 -12
      vertex 129.957 -0.652631 -12
    endloop
  endfacet
  facet normal 0 0 -1
    outer loop
      vertex 129.83 -1.2941 -12
      vertex 129.83 1.2941 -12
      vertex 129.957 0.652631 -12
    endloop
  endfacet
  facet normal 0 0 -1
    outer loop
      vertex 129.619 -1.91342 -12
      vertex 129.83 1.2941 -12
      vertex 129.83 -1.2941 -12
    endloop
  endfacet
  facet normal 0 0 -1
    outer loop
      vertex 129.619 -1.91342 -12
      vertex 129.619 1.91342 -12
      vertex 129.83 1.2941 -12
    endloop
  endfacet
  facet normal 0 0 -1
    outer loop
      vertex 129.33 -2.5 -12
      vertex 129.619 1.91342 -12
      vertex 129.619 -1.91342 -12
    endloop
  endfacet
  facet normal 0 0 -1
    outer loop
      vertex 129.33 -2.5 -12
      vertex 129.33 2.5 -12
      vertex 129.619 1.91342 -12
    endloop
  endfacet
  facet normal 0 0 -1
    outer loop
      vertex 128.967 -3.04381 -12
      vertex 129.33 2.5 -12
      vertex 129.33 -2.5 -12
    endloop
  endfacet
  facet normal 0 0 -1
    outer loop
      vertex 128.967 -3.04381 -12
      vertex 128.967 3.04381 -12
      vertex 129.33 2.5 -12
    endloop
  endfacet
  facet normal 0 0 -1
    outer loop
      vertex 128.536 -3.53553 -12
      vertex 128.967 3.04381 -12
      vertex 128.967 -3.04381 -12
    endloop
  endfacet
  facet normal 0 0 -1
    outer loop
      vertex 128.536 -3.53553 -12
      vertex 128.536 3.53553 -12
      vertex 128.967 3.04381 -12
    endloop
  endfacet
  facet normal 0 0 -1
    outer loop
      vertex 128.044 -3.96677 -12
      vertex 128.536 3.53553 -12
      vertex 128.536 -3.53553 -12
    endloop
  endfacet
  facet normal 0 0 -1
    outer loop
      vertex 128.044 -3.96677 -12
      vertex 128.044 3.96677 -12
      vertex 128.536 3.53553 -12
    endloop
  endfacet
  facet normal 0 0 -1
    outer loop
      vertex 127.5 -4.33013 -12
      vertex 128.044 3.96677 -12
      vertex 128.044 -3.96677 -12
    endloop
  endfacet
  facet normal 0 0 -1
    outer loop
      vertex 127.5 -4.33013 -12
      vertex 127.5 4.33013 -12
      vertex 128.044 3.96677 -12
    endloop
  endfacet
  facet normal 0 0 -1
    outer loop
      vertex 126.913 -4.6194 -12
      vertex 127.5 4.33013 -12
      vertex 127.5 -4.33013 -12
    endloop
  endfacet
  facet normal 0 0 -1
    outer loop
      vertex 126.913 -4.6194 -12
      vertex 126.913 4.6194 -12
      vertex 127.5 4.33013 -12
    endloop
  endfacet
  facet normal 0 0 -1
    outer loop
      vertex 126.294 -4.82963 -12
      vertex 126.913 4.6194 -12
      vertex 126.913 -4.6194 -12
    endloop
  endfacet
  facet normal 0 0 -1
    outer loop
      vertex 126.294 -4.82963 -12
      vertex 126.294 4.82963 -12
      vertex 126.913 4.6194 -12
    endloop
  endfacet
  facet normal 0 0 -1
    outer loop
      vertex 125.653 -4.95722 -12
      vertex 126.294 4.82963 -12
      vertex 126.294 -4.82963 -12
    endloop
  endfacet
  facet normal 0 0 -1
    outer loop
      vertex 125.653 -4.95722 -12
      vertex 125.653 4.95722 -12
      vertex 126.294 4.82963 -12
    endloop
  endfacet
  facet normal 0 0 -1
    outer loop
      vertex 125 -5 -12
      vertex 125.653 4.95722 -12
      vertex 125.653 -4.95722 -12
    endloop
  endfacet
  facet normal 0 0 -1
    outer loop
      vertex 125 -5 -12
      vertex 125 5 -12
      vertex 125.653 4.95722 -12
    endloop
  endfacet
  facet normal 0 0 -1
    outer loop
      vertex 124.347 -4.95722 -12
      vertex 125 5 -12
      vertex 125 -5 -12
    endloop
  endfacet
  facet normal 0 0 -1
    outer loop
      vertex 124.347 -4.95722 -12
      vertex 124.347 4.95722 -12
      vertex 125 5 -12
    endloop
  endfacet
  facet normal 0 0 -1
    outer loop
      vertex 123.706 -4.82963 -12
      vertex 124.347 4.95722 -12
      vertex 124.347 -4.95722 -12
    endloop
  endfacet
  facet normal 0 0 -1
    outer loop
      vertex 123.706 -4.82963 -12
      vertex 123.706 4.82963 -12
      vertex 124.347 4.95722 -12
    endloop
  endfacet
  facet normal 0 0 -1
    outer loop
      vertex 123.087 -4.6194 -12
      vertex 123.706 4.82963 -12
      vertex 123.706 -4.82963 -12
    endloop
  endfacet
  facet normal 0 0 -1
    outer loop
      vertex 123.087 -4.6194 -12
      vertex 123.087 4.6194 -12
      vertex 123.706 4.82963 -12
    endloop
  endfacet
  facet normal 0 0 -1
    outer loop
      vertex 122.5 -4.33013 -12
      vertex 123.087 4.6194 -12
      vertex 123.087 -4.6194 -12
    endloop
  endfacet
  facet normal 0 0 -1
    outer loop
      vertex 122.5 -4.33013 -12
      vertex 122.5 4.33013 -12
      vertex 123.087 4.6194 -12
    endloop
  endfacet
  facet normal 0 0 -1
    outer loop
      vertex 121.956 -3.96677 -12
      vertex 122.5 4.33013 -12
      vertex 122.5 -4.33013 -12
    endloop
  endfacet
  facet normal 0 0 -1
    outer loop
      vertex 121.956 -3.96677 -12
      vertex 121.956 3.96677 -12
      vertex 122.5 4.33013 -12
    endloop
  endfacet
  facet normal 0 0 -1
    outer loop
      vertex 121.464 -3.53553 -12
      vertex 121.956 3.96677 -12
      vertex 121.956 -3.96677 -12
    endloop
  endfacet
  facet normal 0 0 -1
    outer loop
      vertex 121.464 -3.53553 -12
      vertex 121.464 3.53553 -12
      vertex 121.956 3.96677 -12
    endloop
  endfacet
  facet normal 0 0 -1
    outer loop
      vertex 121.033 -3.04381 -12
      vertex 121.464 3.53553 -12
      vertex 121.464 -3.53553 -12
    endloop
  endfacet
  facet normal 0 0 -1
    outer loop
      vertex 121.033 -3.04381 -12
      vertex 121.033 3.04381 -12
      vertex 121.464 3.53553 -12
    endloop
  endfacet
  facet normal 0 0 -1
    outer loop
      vertex 120.67 -2.5 -12
      vertex 121.033 3.04381 -12
      vertex 121.033 -3.04381 -12
    endloop
  endfacet
  facet normal 0 0 -1
    outer loop
      vertex 120.67 -2.5 -12
      vertex 120.67 2.5 -12
      vertex 121.033 3.04381 -12
    endloop
  endfacet
  facet normal 0 0 -1
    outer loop
      vertex 120.381 -1.91342 -12
      vertex 120.67 2.5 -12
      vertex 120.67 -2.5 -12
    endloop
  endfacet
  facet normal 0 0 -1
    outer loop
      vertex 120.381 -1.91342 -12
      vertex 120.381 1.91342 -12
      vertex 120.67 2.5 -12
    endloop
  endfacet
  facet normal 0 0 -1
    outer loop
      vertex 120.17 -1.2941 -12
      vertex 120.381 1.91342 -12
      vertex 120.381 -1.91342 -12
    endloop
  endfacet
  facet normal 0 0 -1
    outer loop
      vertex 120.17 -1.2941 -12
      vertex 120.17 1.2941 -12
      vertex 120.381 1.91342 -12
    endloop
  endfacet
  facet normal 0 0 -1
    outer loop
      vertex 120.043 -0.652631 -12
      vertex 120.17 1.2941 -12
      vertex 120.17 -1.2941 -12
    endloop
  endfacet
  facet normal 0 0 -1
    outer loop
      vertex 120.043 -0.652631 -12
      vertex 120.043 0.652631 -12
      vertex 120.17 1.2941 -12
    endloop
  endfacet
  facet normal 0 -0 -1
    outer loop
      vertex 120.043 0.652631 -12
      vertex 120.043 -0.652631 -12
      vertex 120 0 -12
    endloop
  endfacet
  facet normal -0.897036 0.441957 0
    outer loop
      vertex 120.381 1.91342 -12
      vertex 120.67 2.5 0
      vertex 120.67 2.5 -12
    endloop
  endfacet
  facet normal -0.897036 0.441957 0
    outer loop
      vertex 120.67 2.5 0
      vertex 120.381 1.91342 -12
      vertex 120.381 1.91342 0
    endloop
  endfacet
  facet normal -0.997836 0.0657446 0
    outer loop
      vertex 120 0 -12
      vertex 120.043 0.652631 0
      vertex 120.043 0.652631 -12
    endloop
  endfacet
  facet normal -0.997836 0.0657446 0
    outer loop
      vertex 120.043 0.652631 0
      vertex 120 0 -12
      vertex 120 0 0
    endloop
  endfacet
  facet normal -0.555434 0.831561 0
    outer loop
      vertex 122.5 4.33013 -12
      vertex 121.956 3.96677 0
      vertex 122.5 4.33013 0
    endloop
  endfacet
  facet normal -0.555434 0.831561 0
    outer loop
      vertex 121.956 3.96677 0
      vertex 122.5 4.33013 -12
      vertex 121.956 3.96677 -12
    endloop
  endfacet
  facet normal -0.659145 0.752016 0
    outer loop
      vertex 121.956 3.96677 -12
      vertex 121.464 3.53553 0
      vertex 121.956 3.96677 0
    endloop
  endfacet
  facet normal -0.659145 0.752016 0
    outer loop
      vertex 121.464 3.53553 0
      vertex 121.956 3.96677 -12
      vertex 121.464 3.53553 -12
    endloop
  endfacet
  facet normal -0.321587 0.94688 0
    outer loop
      vertex 123.706 4.82963 -12
      vertex 123.087 4.6194 0
      vertex 123.706 4.82963 0
    endloop
  endfacet
  facet normal -0.321587 0.94688 0
    outer loop
      vertex 123.087 4.6194 0
      vertex 123.706 4.82963 -12
      vertex 123.087 4.6194 -12
    endloop
  endfacet
  facet normal 0.752012 -0.65915 0
    outer loop
      vertex 128.536 -3.53553 0
      vertex 128.967 -3.04381 -12
      vertex 128.967 -3.04381 0
    endloop
  endfacet
  facet normal 0.752012 -0.65915 0
    outer loop
      vertex 128.967 -3.04381 -12
      vertex 128.536 -3.53553 0
      vertex 128.536 -3.53553 -12
    endloop
  endfacet
  facet normal 0.897036 -0.441957 0
    outer loop
      vertex 129.33 -2.5 0
      vertex 129.619 -1.91342 -12
      vertex 129.619 -1.91342 0
    endloop
  endfacet
  facet normal 0.897036 -0.441957 0
    outer loop
      vertex 129.619 -1.91342 -12
      vertex 129.33 -2.5 0
      vertex 129.33 -2.5 -12
    endloop
  endfacet
  facet normal 0.980959 -0.194213 0
    outer loop
      vertex 129.83 -1.2941 0
      vertex 129.957 -0.652631 -12
      vertex 129.957 -0.652631 0
    endloop
  endfacet
  facet normal 0.980959 -0.194213 0
    outer loop
      vertex 129.957 -0.652631 -12
      vertex 129.83 -1.2941 0
      vertex 129.83 -1.2941 -12
    endloop
  endfacet
  facet normal -0.997836 -0.0657446 0
    outer loop
      vertex 120.043 -0.652631 -12
      vertex 120 0 0
      vertex 120 0 -12
    endloop
  endfacet
  facet normal -0.997836 -0.0657446 0
    outer loop
      vertex 120 0 0
      vertex 120.043 -0.652631 -12
      vertex 120.043 -0.652631 0
    endloop
  endfacet
  facet normal 0.831725 -0.555187 0
    outer loop
      vertex 128.967 -3.04381 0
      vertex 129.33 -2.5 -12
      vertex 129.33 -2.5 0
    endloop
  endfacet
  facet normal 0.831725 -0.555187 0
    outer loop
      vertex 129.33 -2.5 -12
      vertex 128.967 -3.04381 0
      vertex 128.967 -3.04381 -12
    endloop
  endfacet
  facet normal 0.997836 -0.0657446 0
    outer loop
      vertex 129.957 -0.652631 0
      vertex 130 0 -12
      vertex 130 0 0
    endloop
  endfacet
  facet normal 0.997836 -0.0657446 0
    outer loop
      vertex 130 0 -12
      vertex 129.957 -0.652631 0
      vertex 129.957 -0.652631 -12
    endloop
  endfacet
  facet normal -0.659145 -0.752016 0
    outer loop
      vertex 121.464 -3.53553 -12
      vertex 121.956 -3.96677 0
      vertex 121.464 -3.53553 0
    endloop
  endfacet
  facet normal -0.659145 -0.752016 -0
    outer loop
      vertex 121.956 -3.96677 0
      vertex 121.464 -3.53553 -12
      vertex 121.956 -3.96677 -12
    endloop
  endfacet
  facet normal -0.946572 -0.322493 0
    outer loop
      vertex 120.381 -1.91342 -12
      vertex 120.17 -1.2941 0
      vertex 120.17 -1.2941 -12
    endloop
  endfacet
  facet normal -0.946572 -0.322493 0
    outer loop
      vertex 120.17 -1.2941 0
      vertex 120.381 -1.91342 -12
      vertex 120.381 -1.91342 0
    endloop
  endfacet
  facet normal -0.980959 -0.194213 0
    outer loop
      vertex 120.17 -1.2941 -12
      vertex 120.043 -0.652631 0
      vertex 120.043 -0.652631 -12
    endloop
  endfacet
  facet normal -0.980959 -0.194213 0
    outer loop
      vertex 120.043 -0.652631 0
      vertex 120.17 -1.2941 -12
      vertex 120.17 -1.2941 0
    endloop
  endfacet
  facet normal -0.897036 -0.441957 0
    outer loop
      vertex 120.67 -2.5 -12
      vertex 120.381 -1.91342 0
      vertex 120.381 -1.91342 -12
    endloop
  endfacet
  facet normal -0.897036 -0.441957 0
    outer loop
      vertex 120.381 -1.91342 0
      vertex 120.67 -2.5 -12
      vertex 120.67 -2.5 0
    endloop
  endfacet
  facet normal 0.321587 -0.94688 0
    outer loop
      vertex 126.294 -4.82963 -12
      vertex 126.913 -4.6194 0
      vertex 126.294 -4.82963 0
    endloop
  endfacet
  facet normal 0.321587 -0.94688 0
    outer loop
      vertex 126.913 -4.6194 0
      vertex 126.294 -4.82963 -12
      vertex 126.913 -4.6194 -12
    endloop
  endfacet
  facet normal 0.195219 -0.98076 0
    outer loop
      vertex 125.653 -4.95722 -12
      vertex 126.294 -4.82963 0
      vertex 125.653 -4.95722 0
    endloop
  endfacet
  facet normal 0.195219 -0.98076 0
    outer loop
      vertex 126.294 -4.82963 0
      vertex 125.653 -4.95722 -12
      vertex 126.294 -4.82963 -12
    endloop
  endfacet
  facet normal 0.659145 -0.752016 0
    outer loop
      vertex 128.044 -3.96677 -12
      vertex 128.536 -3.53553 0
      vertex 128.044 -3.96677 0
    endloop
  endfacet
  facet normal 0.659145 -0.752016 0
    outer loop
      vertex 128.536 -3.53553 0
      vertex 128.044 -3.96677 -12
      vertex 128.536 -3.53553 -12
    endloop
  endfacet
  facet normal 0.555434 -0.831561 0
    outer loop
      vertex 127.5 -4.33013 -12
      vertex 128.044 -3.96677 0
      vertex 127.5 -4.33013 0
    endloop
  endfacet
  facet normal 0.555434 -0.831561 0
    outer loop
      vertex 128.044 -3.96677 0
      vertex 127.5 -4.33013 -12
      vertex 128.044 -3.96677 -12
    endloop
  endfacet
  facet normal -0.0653729 -0.997861 0
    outer loop
      vertex 124.347 -4.95722 -12
      vertex 125 -5 0
      vertex 124.347 -4.95722 0
    endloop
  endfacet
  facet normal -0.0653729 -0.997861 -0
    outer loop
      vertex 125 -5 0
      vertex 124.347 -4.95722 -12
      vertex 125 -5 -12
    endloop
  endfacet
  facet normal -0.321587 -0.94688 0
    outer loop
      vertex 123.087 -4.6194 -12
      vertex 123.706 -4.82963 0
      vertex 123.087 -4.6194 0
    endloop
  endfacet
  facet normal -0.321587 -0.94688 -0
    outer loop
      vertex 123.706 -4.82963 0
      vertex 123.087 -4.6194 -12
      vertex 123.706 -4.82963 -12
    endloop
  endfacet
  facet normal -0.195219 -0.98076 0
    outer loop
      vertex 123.706 -4.82963 -12
      vertex 124.347 -4.95722 0
      vertex 123.706 -4.82963 0
    endloop
  endfacet
  facet normal -0.195219 -0.98076 -0
    outer loop
      vertex 124.347 -4.95722 0
      vertex 123.706 -4.82963 -12
      vertex 124.347 -4.95722 -12
    endloop
  endfacet
  facet normal -0.752012 -0.65915 0
    outer loop
      vertex 121.464 -3.53553 -12
      vertex 121.033 -3.04381 0
      vertex 121.033 -3.04381 -12
    endloop
  endfacet
  facet normal -0.752012 -0.65915 0
    outer loop
      vertex 121.033 -3.04381 0
      vertex 121.464 -3.53553 -12
      vertex 121.464 -3.53553 0
    endloop
  endfacet
  facet normal -0.555434 -0.831561 0
    outer loop
      vertex 121.956 -3.96677 -12
      vertex 122.5 -4.33013 0
      vertex 121.956 -3.96677 0
    endloop
  endfacet
  facet normal -0.555434 -0.831561 -0
    outer loop
      vertex 122.5 -4.33013 0
      vertex 121.956 -3.96677 -12
      vertex 122.5 -4.33013 -12
    endloop
  endfacet
  facet normal -0.442035 -0.896998 0
    outer loop
      vertex 122.5 -4.33013 -12
      vertex 123.087 -4.6194 0
      vertex 122.5 -4.33013 0
    endloop
  endfacet
  facet normal -0.442035 -0.896998 -0
    outer loop
      vertex 123.087 -4.6194 0
      vertex 122.5 -4.33013 -12
      vertex 123.087 -4.6194 -12
    endloop
  endfacet
  facet normal -1 0 0
    outer loop
      vertex 0 -75 0
      vertex 0 25 6
      vertex 0 25 0
    endloop
  endfacet
  facet normal -1 -0 0
    outer loop
      vertex 0 25 6
      vertex 0 -75 0
      vertex 0 -75 6
    endloop
  endfacet
  facet normal 1 -0 0
    outer loop
      vertex 140 -75 6
      vertex 140 25 0
      vertex 140 25 6
    endloop
  endfacet
  facet normal 1 0 0
    outer loop
      vertex 140 25 0
      vertex 140 -75 6
      vertex 140 -75 0
    endloop
  endfacet
  facet normal 0 1 -0
    outer loop
      vertex 140 25 0
      vertex 138.7 25 6
      vertex 140 25 6
    endloop
  endfacet
  facet normal 0 1 0
    outer loop
      vertex 138.7 25 6
      vertex 140 25 0
      vertex 138.7 25 0
    endloop
  endfacet
  facet normal 0 1 -0
    outer loop
      vertex 10.3 25 0
      vertex 0 25 6
      vertex 10.3 25 6
    endloop
  endfacet
  facet normal 0 1 0
    outer loop
      vertex 0 25 6
      vertex 10.3 25 0
      vertex 0 25 0
    endloop
  endfacet
  facet normal 0 1 -0
    outer loop
      vertex 135.3 25 0
      vertex 13.7 25 6
      vertex 135.3 25 6
    endloop
  endfacet
  facet normal 0 1 0
    outer loop
      vertex 13.7 25 6
      vertex 135.3 25 0
      vertex 13.7 25 0
    endloop
  endfacet
  facet normal 0 0 -1
    outer loop
      vertex 19.6194 -48.0866 0
      vertex 27 -42 0
      vertex 19.8296 -48.7059 0
    endloop
  endfacet
  facet normal 0 0 -1
    outer loop
      vertex 27 -8 0
      vertex 19.9572 -0.652631 0
      vertex 20 0 0
    endloop
  endfacet
  facet normal 0 0 -1
    outer loop
      vertex 19.3301 -47.5 0
      vertex 27 -42 0
      vertex 19.6194 -48.0866 0
    endloop
  endfacet
  facet normal 0 0 -1
    outer loop
      vertex 27 -8 0
      vertex 19.8296 -1.2941 0
      vertex 19.9572 -0.652631 0
    endloop
  endfacet
  facet normal 0 0 -1
    outer loop
      vertex 18.9668 -46.9562 0
      vertex 27 -42 0
      vertex 19.3301 -47.5 0
    endloop
  endfacet
  facet normal 0 0 -1
    outer loop
      vertex 27 -8 0
      vertex 19.6194 -1.91342 0
      vertex 19.8296 -1.2941 0
    endloop
  endfacet
  facet normal 0 0 -1
    outer loop
      vertex 18.5355 -46.4645 0
      vertex 27 -42 0
      vertex 18.9668 -46.9562 0
    endloop
  endfacet
  facet normal 0 0 -1
    outer loop
      vertex 27 -8 0
      vertex 19.3301 -2.5 0
      vertex 19.6194 -1.91342 0
    endloop
  endfacet
  facet normal 0 0 -1
    outer loop
      vertex 18.0438 -46.0332 0
      vertex 27 -42 0
      vertex 18.5355 -46.4645 0
    endloop
  endfacet
  facet normal 0 0 -1
    outer loop
      vertex 27 -8 0
      vertex 18.9668 -3.04381 0
      vertex 19.3301 -2.5 0
    endloop
  endfacet
  facet normal 0 0 -1
    outer loop
      vertex 17.5 -45.6699 0
      vertex 27 -42 0
      vertex 18.0438 -46.0332 0
    endloop
  endfacet
  facet normal 0 0 -1
    outer loop
      vertex 27 -8 0
      vertex 18.5355 -3.53553 0
      vertex 18.9668 -3.04381 0
    endloop
  endfacet
  facet normal 0 0 -1
    outer loop
      vertex 16.9134 -45.3806 0
      vertex 27 -42 0
      vertex 17.5 -45.6699 0
    endloop
  endfacet
  facet normal 0 0 -1
    outer loop
      vertex 27 -8 0
      vertex 18.0438 -3.96677 0
      vertex 18.5355 -3.53553 0
    endloop
  endfacet
  facet normal 0 0 -1
    outer loop
      vertex 16.2941 -45.1704 0
      vertex 27 -42 0
      vertex 16.9134 -45.3806 0
    endloop
  endfacet
  facet normal 0 0 -1
    outer loop
      vertex 27 -8 0
      vertex 17.5 -4.33013 0
      vertex 18.0438 -3.96677 0
    endloop
  endfacet
  facet normal 0 0 -1
    outer loop
      vertex 15.6526 -45.0428 0
      vertex 27 -42 0
      vertex 16.2941 -45.1704 0
    endloop
  endfacet
  facet normal 0 0 -1
    outer loop
      vertex 27 -8 0
      vertex 16.9134 -4.6194 0
      vertex 17.5 -4.33013 0
    endloop
  endfacet
  facet normal 0 0 -1
    outer loop
      vertex 15 -45 0
      vertex 27 -42 0
      vertex 15.6526 -45.0428 0
    endloop
  endfacet
  facet normal 0 0 -1
    outer loop
      vertex 27 -8 0
      vertex 16.2941 -4.82963 0
      vertex 16.9134 -4.6194 0
    endloop
  endfacet
  facet normal -0 0 -1
    outer loop
      vertex 27 -42 0
      vertex 15 -45 0
      vertex 27 -8 0
    endloop
  endfacet
  facet normal 0 0 -1
    outer loop
      vertex 27 -8 0
      vertex 15.6526 -4.95722 0
      vertex 16.2941 -4.82963 0
    endloop
  endfacet
  facet normal 0 0 -1
    outer loop
      vertex 15 -5 0
      vertex 27 -8 0
      vertex 15 -45 0
    endloop
  endfacet
  facet normal 0 0 -1
    outer loop
      vertex 27 -8 0
      vertex 15 -5 0
      vertex 15.6526 -4.95722 0
    endloop
  endfacet
  facet normal 0 0 -1
    outer loop
      vertex 14.3474 -45.0428 0
      vertex 15 -5 0
      vertex 15 -45 0
    endloop
  endfacet
  facet normal 0 0 -1
    outer loop
      vertex 14.3474 -45.0428 0
      vertex 14.3474 -4.95722 0
      vertex 15 -5 0
    endloop
  endfacet
  facet normal 0 0 -1
    outer loop
      vertex 13.7059 -45.1704 0
      vertex 14.3474 -4.95722 0
      vertex 14.3474 -45.0428 0
    endloop
  endfacet
  facet normal 0 0 -1
    outer loop
      vertex 13.7059 -45.1704 0
      vertex 13.7059 -4.82963 0
      vertex 14.3474 -4.95722 0
    endloop
  endfacet
  facet normal 0 0 -1
    outer loop
      vertex 13.0866 -45.3806 0
      vertex 13.7059 -4.82963 0
      vertex 13.7059 -45.1704 0
    endloop
  endfacet
  facet normal 0 0 -1
    outer loop
      vertex 13.0866 -45.3806 0
      vertex 13.0866 -4.6194 0
      vertex 13.7059 -4.82963 0
    endloop
  endfacet
  facet normal 0 0 -1
    outer loop
      vertex 12.5 -45.6699 0
      vertex 13.0866 -4.6194 0
      vertex 13.0866 -45.3806 0
    endloop
  endfacet
  facet normal 0 0 -1
    outer loop
      vertex 12.5 -45.6699 0
      vertex 12.5 -4.33013 0
      vertex 13.0866 -4.6194 0
    endloop
  endfacet
  facet normal 0 0 -1
    outer loop
      vertex 11.9562 -46.0332 0
      vertex 12.5 -4.33013 0
      vertex 12.5 -45.6699 0
    endloop
  endfacet
  facet normal 0 0 -1
    outer loop
      vertex 11.9562 -46.0332 0
      vertex 11.9562 -3.96677 0
      vertex 12.5 -4.33013 0
    endloop
  endfacet
  facet normal 0 0 -1
    outer loop
      vertex 11.4645 -46.4645 0
      vertex 11.9562 -3.96677 0
      vertex 11.9562 -46.0332 0
    endloop
  endfacet
  facet normal 0 0 -1
    outer loop
      vertex 11.4645 -46.4645 0
      vertex 11.4645 -3.53553 0
      vertex 11.9562 -3.96677 0
    endloop
  endfacet
  facet normal 0 0 -1
    outer loop
      vertex 11.0332 -46.9562 0
      vertex 11.4645 -3.53553 0
      vertex 11.4645 -46.4645 0
    endloop
  endfacet
  facet normal 0 0 -1
    outer loop
      vertex 11.0332 -46.9562 0
      vertex 11.0332 -3.04381 0
      vertex 11.4645 -3.53553 0
    endloop
  endfacet
  facet normal 0 0 -1
    outer loop
      vertex 10.6699 -47.5 0
      vertex 11.0332 -3.04381 0
      vertex 11.0332 -46.9562 0
    endloop
  endfacet
  facet normal 0 0 -1
    outer loop
      vertex 10.6699 -47.5 0
      vertex 10.6699 -2.5 0
      vertex 11.0332 -3.04381 0
    endloop
  endfacet
  facet normal 0 0 -1
    outer loop
      vertex 10.3806 -48.0866 0
      vertex 10.6699 -2.5 0
      vertex 10.6699 -47.5 0
    endloop
  endfacet
  facet normal 0 0 -1
    outer loop
      vertex 10.3806 -48.0866 0
      vertex 10.3806 -1.91342 0
      vertex 10.6699 -2.5 0
    endloop
  endfacet
  facet normal 0 0 -1
    outer loop
      vertex 10.1704 -48.7059 0
      vertex 10.3806 -1.91342 0
      vertex 10.3806 -48.0866 0
    endloop
  endfacet
  facet normal 0 0 -1
    outer loop
      vertex 10.1704 -48.7059 0
      vertex 10.1704 -1.2941 0
      vertex 10.3806 -1.91342 0
    endloop
  endfacet
  facet normal 0 0 -1
    outer loop
      vertex 0 -75 0
      vertex 10.1704 -48.7059 0
      vertex 10.0428 -49.3474 0
    endloop
  endfacet
  facet normal -0 0 -1
    outer loop
      vertex 10.1704 -48.7059 0
      vertex 0 -75 0
      vertex 10.1704 -1.2941 0
    endloop
  endfacet
  facet normal 0 0 -1
    outer loop
      vertex 0 -75 0
      vertex 10.0428 -49.3474 0
      vertex 10 -50 0
    endloop
  endfacet
  facet normal 0 0 -1
    outer loop
      vertex 0 25 0
      vertex 10.1704 -1.2941 0
      vertex 0 -75 0
    endloop
  endfacet
  facet normal 0 0 -1
    outer loop
      vertex 27 -42 0
      vertex 43 -8 0
      vertex 43 -42 0
    endloop
  endfacet
  facet normal -0 0 -1
    outer loop
      vertex 43 -8 0
      vertex 27 -42 0
      vertex 27 -8 0
    endloop
  endfacet
  facet normal 0 0 -1
    outer loop
      vertex 129.83 -48.7059 0
      vertex 140 -75 0
      vertex 129.957 -49.3474 0
    endloop
  endfacet
  facet normal 0 0 -1
    outer loop
      vertex 140 -75 0
      vertex 129.957 -0.652631 0
      vertex 130 0 0
    endloop
  endfacet
  facet normal 0 0 -1
    outer loop
      vertex 129.83 -1.2941 0
      vertex 140 -75 0
      vertex 129.83 -48.7059 0
    endloop
  endfacet
  facet normal 0 0 -1
    outer loop
      vertex 140 -75 0
      vertex 129.83 -1.2941 0
      vertex 129.957 -0.652631 0
    endloop
  endfacet
  facet normal 0 0 -1
    outer loop
      vertex 129.619 -48.0866 0
      vertex 129.83 -1.2941 0
      vertex 129.83 -48.7059 0
    endloop
  endfacet
  facet normal 0 0 -1
    outer loop
      vertex 129.619 -48.0866 0
      vertex 129.619 -1.91342 0
      vertex 129.83 -1.2941 0
    endloop
  endfacet
  facet normal 0 0 -1
    outer loop
      vertex 129.33 -47.5 0
      vertex 129.619 -1.91342 0
      vertex 129.619 -48.0866 0
    endloop
  endfacet
  facet normal 0 0 -1
    outer loop
      vertex 129.33 -47.5 0
      vertex 129.33 -2.5 0
      vertex 129.619 -1.91342 0
    endloop
  endfacet
  facet normal 0 0 -1
    outer loop
      vertex 128.967 -46.9562 0
      vertex 129.33 -2.5 0
      vertex 129.33 -47.5 0
    endloop
  endfacet
  facet normal 0 0 -1
    outer loop
      vertex 128.967 -46.9562 0
      vertex 128.967 -3.04381 0
      vertex 129.33 -2.5 0
    endloop
  endfacet
  facet normal 0 0 -1
    outer loop
      vertex 128.536 -46.4645 0
      vertex 128.967 -3.04381 0
      vertex 128.967 -46.9562 0
    endloop
  endfacet
  facet normal 0 0 -1
    outer loop
      vertex 128.536 -46.4645 0
      vertex 128.536 -3.53553 0
      vertex 128.967 -3.04381 0
    endloop
  endfacet
  facet normal 0 0 -1
    outer loop
      vertex 128.044 -46.0332 0
      vertex 128.536 -3.53553 0
      vertex 128.536 -46.4645 0
    endloop
  endfacet
  facet normal 0 0 -1
    outer loop
      vertex 128.044 -46.0332 0
      vertex 128.044 -3.96677 0
      vertex 128.536 -3.53553 0
    endloop
  endfacet
  facet normal 0 0 -1
    outer loop
      vertex 127.5 -45.6699 0
      vertex 128.044 -3.96677 0
      vertex 128.044 -46.0332 0
    endloop
  endfacet
  facet normal 0 0 -1
    outer loop
      vertex 127.5 -45.6699 0
      vertex 127.5 -4.33013 0
      vertex 128.044 -3.96677 0
    endloop
  endfacet
  facet normal 0 0 -1
    outer loop
      vertex 126.913 -45.3806 0
      vertex 127.5 -4.33013 0
      vertex 127.5 -45.6699 0
    endloop
  endfacet
  facet normal 0 0 -1
    outer loop
      vertex 126.913 -45.3806 0
      vertex 126.913 -4.6194 0
      vertex 127.5 -4.33013 0
    endloop
  endfacet
  facet normal 0 0 -1
    outer loop
      vertex 126.294 -45.1704 0
      vertex 126.913 -4.6194 0
      vertex 126.913 -45.3806 0
    endloop
  endfacet
  facet normal 0 0 -1
    outer loop
      vertex 126.294 -45.1704 0
      vertex 126.294 -4.82963 0
      vertex 126.913 -4.6194 0
    endloop
  endfacet
  facet normal 0 0 -1
    outer loop
      vertex 125.653 -45.0428 0
      vertex 126.294 -4.82963 0
      vertex 126.294 -45.1704 0
    endloop
  endfacet
  facet normal 0 0 -1
    outer loop
      vertex 125.653 -45.0428 0
      vertex 125.653 -4.95722 0
      vertex 126.294 -4.82963 0
    endloop
  endfacet
  facet normal 0 0 -1
    outer loop
      vertex 125 -45 0
      vertex 125.653 -4.95722 0
      vertex 125.653 -45.0428 0
    endloop
  endfacet
  facet normal 0 0 -1
    outer loop
      vertex 125 -45 0
      vertex 125 -5 0
      vertex 125.653 -4.95722 0
    endloop
  endfacet
  facet normal 0 0 -1
    outer loop
      vertex 124.347 -45.0428 0
      vertex 125 -5 0
      vertex 125 -45 0
    endloop
  endfacet
  facet normal 0 0 -1
    outer loop
      vertex 124.347 -45.0428 0
      vertex 124.347 -4.95722 0
      vertex 125 -5 0
    endloop
  endfacet
  facet normal 0 0 -1
    outer loop
      vertex 104.6 -33 0
      vertex 124.347 -45.0428 0
      vertex 123.706 -45.1704 0
    endloop
  endfacet
  facet normal 0 0 -1
    outer loop
      vertex 124.347 -45.0428 0
      vertex 104.6 -33 0
      vertex 124.347 -4.95722 0
    endloop
  endfacet
  facet normal 0 0 -1
    outer loop
      vertex 104.6 -33 0
      vertex 123.706 -45.1704 0
      vertex 123.087 -45.3806 0
    endloop
  endfacet
  facet normal 0 0 -1
    outer loop
      vertex 104.6 -17 0
      vertex 124.347 -4.95722 0
      vertex 104.6 -33 0
    endloop
  endfacet
  facet normal 0 0 -1
    outer loop
      vertex 104.6 -33 0
      vertex 123.087 -45.3806 0
      vertex 122.5 -45.6699 0
    endloop
  endfacet
  facet normal -0 0 -1
    outer loop
      vertex 124.347 -4.95722 0
      vertex 104.6 -17 0
      vertex 123.706 -4.82963 0
    endloop
  endfacet
  facet normal 0 0 -1
    outer loop
      vertex 104.6 -33 0
      vertex 122.5 -45.6699 0
      vertex 121.956 -46.0332 0
    endloop
  endfacet
  facet normal -0 0 -1
    outer loop
      vertex 123.706 -4.82963 0
      vertex 104.6 -17 0
      vertex 123.087 -4.6194 0
    endloop
  endfacet
  facet normal 0 0 -1
    outer loop
      vertex 104.6 -33 0
      vertex 121.956 -46.0332 0
      vertex 121.464 -46.4645 0
    endloop
  endfacet
  facet normal -0 0 -1
    outer loop
      vertex 123.087 -4.6194 0
      vertex 104.6 -17 0
      vertex 122.5 -4.33013 0
    endloop
  endfacet
  facet normal 0 0 -1
    outer loop
      vertex 104.6 -33 0
      vertex 121.464 -46.4645 0
      vertex 121.033 -46.9562 0
    endloop
  endfacet
  facet normal -0 0 -1
    outer loop
      vertex 122.5 -4.33013 0
      vertex 104.6 -17 0
      vertex 121.956 -3.96677 0
    endloop
  endfacet
  facet normal 0 0 -1
    outer loop
      vertex 104.6 -33 0
      vertex 121.033 -46.9562 0
      vertex 120.67 -47.5 0
    endloop
  endfacet
  facet normal -0 0 -1
    outer loop
      vertex 121.956 -3.96677 0
      vertex 104.6 -17 0
      vertex 121.464 -3.53553 0
    endloop
  endfacet
  facet normal 0 0 -1
    outer loop
      vertex 104.6 -33 0
      vertex 120.67 -47.5 0
      vertex 120.381 -48.0866 0
    endloop
  endfacet
  facet normal -0 0 -1
    outer loop
      vertex 121.464 -3.53553 0
      vertex 104.6 -17 0
      vertex 121.033 -3.04381 0
    endloop
  endfacet
  facet normal 0 0 -1
    outer loop
      vertex 104.6 -33 0
      vertex 120.381 -48.0866 0
      vertex 120.17 -48.7059 0
    endloop
  endfacet
  facet normal -0 0 -1
    outer loop
      vertex 121.033 -3.04381 0
      vertex 104.6 -17 0
      vertex 120.67 -2.5 0
    endloop
  endfacet
  facet normal 0 0 -1
    outer loop
      vertex 104.6 -33 0
      vertex 120.17 -48.7059 0
      vertex 120.043 -49.3474 0
    endloop
  endfacet
  facet normal -0 0 -1
    outer loop
      vertex 120.67 -2.5 0
      vertex 104.6 -17 0
      vertex 120.381 -1.91342 0
    endloop
  endfacet
  facet normal 0 0 -1
    outer loop
      vertex 104.6 -33 0
      vertex 120.043 -49.3474 0
      vertex 120 -50 0
    endloop
  endfacet
  facet normal -0 0 -1
    outer loop
      vertex 120.381 -1.91342 0
      vertex 104.6 -17 0
      vertex 120.17 -1.2941 0
    endloop
  endfacet
  facet normal 0 0 -1
    outer loop
      vertex 130 0 0
      vertex 140 25 0
      vertex 140 -75 0
    endloop
  endfacet
  facet normal -0 0 -1
    outer loop
      vertex 140 25 0
      vertex 138.685 24.7781 0
      vertex 138.7 25 0
    endloop
  endfacet
  facet normal 0 0 -1
    outer loop
      vertex 140 25 0
      vertex 138.642 24.56 0
      vertex 138.685 24.7781 0
    endloop
  endfacet
  facet normal 0 0 -1
    outer loop
      vertex 140 25 0
      vertex 138.571 24.3494 0
      vertex 138.642 24.56 0
    endloop
  endfacet
  facet normal 0 0 -1
    outer loop
      vertex 140 25 0
      vertex 138.472 24.15 0
      vertex 138.571 24.3494 0
    endloop
  endfacet
  facet normal 0 0 -1
    outer loop
      vertex 129.957 0.652631 0
      vertex 140 25 0
      vertex 130 0 0
    endloop
  endfacet
  facet normal 0 0 -1
    outer loop
      vertex 140 25 0
      vertex 138.349 23.9651 0
      vertex 138.472 24.15 0
    endloop
  endfacet
  facet normal 0 0 -1
    outer loop
      vertex 140 25 0
      vertex 138.202 23.7979 0
      vertex 138.349 23.9651 0
    endloop
  endfacet
  facet normal 0 0 -1
    outer loop
      vertex 129.83 1.2941 0
      vertex 140 25 0
      vertex 129.957 0.652631 0
    endloop
  endfacet
  facet normal 0 0 -1
    outer loop
      vertex 140 25 0
      vertex 138.035 23.6513 0
      vertex 138.202 23.7979 0
    endloop
  endfacet
  facet normal 0 0 -1
    outer loop
      vertex 140 25 0
      vertex 129.83 1.2941 0
      vertex 138.035 23.6513 0
    endloop
  endfacet
  facet normal 0 0 -1
    outer loop
      vertex 138.035 23.6513 0
      vertex 129.83 1.2941 0
      vertex 137.85 23.5278 0
    endloop
  endfacet
  facet normal 0 0 -1
    outer loop
      vertex 129.619 1.91342 0
      vertex 137.85 23.5278 0
      vertex 129.83 1.2941 0
    endloop
  endfacet
  facet normal 0 0 -1
    outer loop
      vertex 137.85 23.5278 0
      vertex 129.619 1.91342 0
      vertex 137.651 23.4294 0
    endloop
  endfacet
  facet normal 0 0 -1
    outer loop
      vertex 129.33 2.5 0
      vertex 137.651 23.4294 0
      vertex 129.619 1.91342 0
    endloop
  endfacet
  facet normal 0 0 -1
    outer loop
      vertex 137.651 23.4294 0
      vertex 129.33 2.5 0
      vertex 137.44 23.3579 0
    endloop
  endfacet
  facet normal 0 0 -1
    outer loop
      vertex 128.967 3.04381 0
      vertex 137.44 23.3579 0
      vertex 129.33 2.5 0
    endloop
  endfacet
  facet normal 0 0 -1
    outer loop
      vertex 137.44 23.3579 0
      vertex 128.967 3.04381 0
      vertex 137.222 23.3145 0
    endloop
  endfacet
  facet normal 0 0 -1
    outer loop
      vertex 137.222 23.3145 0
      vertex 128.967 3.04381 0
      vertex 137 23.3 0
    endloop
  endfacet
  facet normal 0 0 -1
    outer loop
      vertex 128.536 3.53553 0
      vertex 137 23.3 0
      vertex 128.967 3.04381 0
    endloop
  endfacet
  facet normal -0 0 -1
    outer loop
      vertex 137 23.3 0
      vertex 128.536 3.53553 0
      vertex 136.778 23.3145 0
    endloop
  endfacet
  facet normal 0 0 -1
    outer loop
      vertex 128.044 3.96677 0
      vertex 136.778 23.3145 0
      vertex 128.536 3.53553 0
    endloop
  endfacet
  facet normal -0 0 -1
    outer loop
      vertex 136.778 23.3145 0
      vertex 128.044 3.96677 0
      vertex 136.56 23.3579 0
    endloop
  endfacet
  facet normal 0 0 -1
    outer loop
      vertex 127.5 4.33013 0
      vertex 136.56 23.3579 0
      vertex 128.044 3.96677 0
    endloop
  endfacet
  facet normal -0 0 -1
    outer loop
      vertex 136.56 23.3579 0
      vertex 127.5 4.33013 0
      vertex 136.349 23.4294 0
    endloop
  endfacet
  facet normal 0 0 -1
    outer loop
      vertex 129.957 -49.3474 0
      vertex 140 -75 0
      vertex 130 -50 0
    endloop
  endfacet
  facet normal 0 0 -1
    outer loop
      vertex 140 -75 0
      vertex 129.957 -50.6526 0
      vertex 130 -50 0
    endloop
  endfacet
  facet normal 0 0 -1
    outer loop
      vertex 140 -75 0
      vertex 129.83 -51.2941 0
      vertex 129.957 -50.6526 0
    endloop
  endfacet
  facet normal 0 0 -1
    outer loop
      vertex 140 -75 0
      vertex 129.619 -51.9134 0
      vertex 129.83 -51.2941 0
    endloop
  endfacet
  facet normal 0 0 -1
    outer loop
      vertex 140 -75 0
      vertex 129.33 -52.5 0
      vertex 129.619 -51.9134 0
    endloop
  endfacet
  facet normal 0 0 -1
    outer loop
      vertex 140 -75 0
      vertex 128.967 -53.0438 0
      vertex 129.33 -52.5 0
    endloop
  endfacet
  facet normal 0 0 -1
    outer loop
      vertex 140 -75 0
      vertex 128.536 -53.5355 0
      vertex 128.967 -53.0438 0
    endloop
  endfacet
  facet normal 0 0 -1
    outer loop
      vertex 140 -75 0
      vertex 128.044 -53.9668 0
      vertex 128.536 -53.5355 0
    endloop
  endfacet
  facet normal 0 0 -1
    outer loop
      vertex 140 -75 0
      vertex 127.5 -54.3301 0
      vertex 128.044 -53.9668 0
    endloop
  endfacet
  facet normal 0 0 -1
    outer loop
      vertex 140 -75 0
      vertex 126.913 -54.6194 0
      vertex 127.5 -54.3301 0
    endloop
  endfacet
  facet normal 0 0 -1
    outer loop
      vertex 140 -75 0
      vertex 126.294 -54.8296 0
      vertex 126.913 -54.6194 0
    endloop
  endfacet
  facet normal 0 0 -1
    outer loop
      vertex 140 -75 0
      vertex 125.653 -54.9572 0
      vertex 126.294 -54.8296 0
    endloop
  endfacet
  facet normal 0 0 -1
    outer loop
      vertex 140 -75 0
      vertex 125 -55 0
      vertex 125.653 -54.9572 0
    endloop
  endfacet
  facet normal 0 0 -1
    outer loop
      vertex 140 -75 0
      vertex 124.347 -54.9572 0
      vertex 125 -55 0
    endloop
  endfacet
  facet normal 0 0 -1
    outer loop
      vertex 140 -75 0
      vertex 123.706 -54.8296 0
      vertex 124.347 -54.9572 0
    endloop
  endfacet
  facet normal 0 0 -1
    outer loop
      vertex 140 -75 0
      vertex 123.087 -54.6194 0
      vertex 123.706 -54.8296 0
    endloop
  endfacet
  facet normal 0 0 -1
    outer loop
      vertex 140 -75 0
      vertex 122.5 -54.3301 0
      vertex 123.087 -54.6194 0
    endloop
  endfacet
  facet normal 0 0 -1
    outer loop
      vertex 140 -75 0
      vertex 121.956 -53.9668 0
      vertex 122.5 -54.3301 0
    endloop
  endfacet
  facet normal 0 0 -1
    outer loop
      vertex 43 -58 0
      vertex 121.956 -53.9668 0
      vertex 140 -75 0
    endloop
  endfacet
  facet normal -0 0 -1
    outer loop
      vertex 121.956 -53.9668 0
      vertex 43 -58 0
      vertex 121.464 -53.5355 0
    endloop
  endfacet
  facet normal -0 0 -1
    outer loop
      vertex 120.17 -1.2941 0
      vertex 104.6 -17 0
      vertex 120.043 -0.652631 0
    endloop
  endfacet
  facet normal 0 0 -1
    outer loop
      vertex 120.043 -50.6526 0
      vertex 104.6 -33 0
      vertex 120 -50 0
    endloop
  endfacet
  facet normal 0 0 -1
    outer loop
      vertex 120.17 -51.2941 0
      vertex 104.6 -33 0
      vertex 120.043 -50.6526 0
    endloop
  endfacet
  facet normal 0 0 -1
    outer loop
      vertex 88.6 -33 0
      vertex 120.17 -51.2941 0
      vertex 120.381 -51.9134 0
    endloop
  endfacet
  facet normal 0 0 -1
    outer loop
      vertex 88.6 -33 0
      vertex 120.381 -51.9134 0
      vertex 120.67 -52.5 0
    endloop
  endfacet
  facet normal 0 0 -1
    outer loop
      vertex 88.6 -33 0
      vertex 120.67 -52.5 0
      vertex 121.033 -53.0438 0
    endloop
  endfacet
  facet normal 0 0 -1
    outer loop
      vertex 120.17 -51.2941 0
      vertex 88.6 -33 0
      vertex 104.6 -33 0
    endloop
  endfacet
  facet normal -0 0 -1
    outer loop
      vertex 121.464 -53.5355 0
      vertex 43 -58 0
      vertex 121.033 -53.0438 0
    endloop
  endfacet
  facet normal 0 0 -1
    outer loop
      vertex 43 -42 0
      vertex 88.6 -33 0
      vertex 43 -58 0
    endloop
  endfacet
  facet normal -0 0 -1
    outer loop
      vertex 121.033 -53.0438 0
      vertex 43 -58 0
      vertex 88.6 -33 0
    endloop
  endfacet
  facet normal 0 0 -1
    outer loop
      vertex 0 -75 0
      vertex 43 -58 0
      vertex 140 -75 0
    endloop
  endfacet
  facet normal 0 0 -1
    outer loop
      vertex 20 -50 0
      vertex 27 -42 0
      vertex 27 -58 0
    endloop
  endfacet
  facet normal 0 0 -1
    outer loop
      vertex 19.9572 -49.3474 0
      vertex 27 -42 0
      vertex 20 -50 0
    endloop
  endfacet
  facet normal 0 0 -1
    outer loop
      vertex 19.8296 -48.7059 0
      vertex 27 -42 0
      vertex 19.9572 -49.3474 0
    endloop
  endfacet
  facet normal 0 0 -1
    outer loop
      vertex 27 -58 0
      vertex 19.9572 -50.6526 0
      vertex 20 -50 0
    endloop
  endfacet
  facet normal 0 0 -1
    outer loop
      vertex 27 -58 0
      vertex 19.8296 -51.2941 0
      vertex 19.9572 -50.6526 0
    endloop
  endfacet
  facet normal 0 0 -1
    outer loop
      vertex 27 -58 0
      vertex 19.6194 -51.9134 0
      vertex 19.8296 -51.2941 0
    endloop
  endfacet
  facet normal 0 0 -1
    outer loop
      vertex 27 -58 0
      vertex 19.3301 -52.5 0
      vertex 19.6194 -51.9134 0
    endloop
  endfacet
  facet normal 0 0 -1
    outer loop
      vertex 27 -58 0
      vertex 18.9668 -53.0438 0
      vertex 19.3301 -52.5 0
    endloop
  endfacet
  facet normal 0 0 -1
    outer loop
      vertex 27 -58 0
      vertex 18.5355 -53.5355 0
      vertex 18.9668 -53.0438 0
    endloop
  endfacet
  facet normal 0 0 -1
    outer loop
      vertex 27 -58 0
      vertex 18.0438 -53.9668 0
      vertex 18.5355 -53.5355 0
    endloop
  endfacet
  facet normal 0 0 -1
    outer loop
      vertex 27 -58 0
      vertex 17.5 -54.3301 0
      vertex 18.0438 -53.9668 0
    endloop
  endfacet
  facet normal 0 0 -1
    outer loop
      vertex 27 -58 0
      vertex 16.9134 -54.6194 0
      vertex 17.5 -54.3301 0
    endloop
  endfacet
  facet normal 0 0 -1
    outer loop
      vertex 27 -58 0
      vertex 16.2941 -54.8296 0
      vertex 16.9134 -54.6194 0
    endloop
  endfacet
  facet normal 0 0 -1
    outer loop
      vertex 27 -58 0
      vertex 15.6526 -54.9572 0
      vertex 16.2941 -54.8296 0
    endloop
  endfacet
  facet normal 0 0 -1
    outer loop
      vertex 0 -75 0
      vertex 15.6526 -54.9572 0
      vertex 27 -58 0
    endloop
  endfacet
  facet normal 0 0 -1
    outer loop
      vertex 15.6526 -54.9572 0
      vertex 0 -75 0
      vertex 15 -55 0
    endloop
  endfacet
  facet normal -0 0 -1
    outer loop
      vertex 15 -55 0
      vertex 0 -75 0
      vertex 14.3474 -54.9572 0
    endloop
  endfacet
  facet normal 0 0 -1
    outer loop
      vertex 10.1704 -1.2941 0
      vertex 0 25 0
      vertex 10.0428 -0.652631 0
    endloop
  endfacet
  facet normal -0 0 -1
    outer loop
      vertex 10.0428 -50.6526 0
      vertex 0 -75 0
      vertex 10 -50 0
    endloop
  endfacet
  facet normal -0 0 -1
    outer loop
      vertex 10.1704 -51.2941 0
      vertex 0 -75 0
      vertex 10.0428 -50.6526 0
    endloop
  endfacet
  facet normal -0 0 -1
    outer loop
      vertex 10.3806 -51.9134 0
      vertex 0 -75 0
      vertex 10.1704 -51.2941 0
    endloop
  endfacet
  facet normal -0 0 -1
    outer loop
      vertex 10.6699 -52.5 0
      vertex 0 -75 0
      vertex 10.3806 -51.9134 0
    endloop
  endfacet
  facet normal -0 0 -1
    outer loop
      vertex 11.0332 -53.0438 0
      vertex 0 -75 0
      vertex 10.6699 -52.5 0
    endloop
  endfacet
  facet normal -0 0 -1
    outer loop
      vertex 11.4645 -53.5355 0
      vertex 0 -75 0
      vertex 11.0332 -53.0438 0
    endloop
  endfacet
  facet normal -0 0 -1
    outer loop
      vertex 11.9562 -53.9668 0
      vertex 0 -75 0
      vertex 11.4645 -53.5355 0
    endloop
  endfacet
  facet normal -0 0 -1
    outer loop
      vertex 12.5 -54.3301 0
      vertex 0 -75 0
      vertex 11.9562 -53.9668 0
    endloop
  endfacet
  facet normal -0 0 -1
    outer loop
      vertex 13.0866 -54.6194 0
      vertex 0 -75 0
      vertex 12.5 -54.3301 0
    endloop
  endfacet
  facet normal -0 0 -1
    outer loop
      vertex 13.7059 -54.8296 0
      vertex 0 -75 0
      vertex 13.0866 -54.6194 0
    endloop
  endfacet
  facet normal -0 0 -1
    outer loop
      vertex 14.3474 -54.9572 0
      vertex 0 -75 0
      vertex 13.7059 -54.8296 0
    endloop
  endfacet
  facet normal -0 0 -1
    outer loop
      vertex 43 -58 0
      vertex 0 -75 0
      vertex 27 -58 0
    endloop
  endfacet
  facet normal 0 0 -1
    outer loop
      vertex 126.913 4.6194 0
      vertex 136.349 23.4294 0
      vertex 127.5 4.33013 0
    endloop
  endfacet
  facet normal -0 0 -1
    outer loop
      vertex 136.349 23.4294 0
      vertex 126.913 4.6194 0
      vertex 136.15 23.5278 0
    endloop
  endfacet
  facet normal -0 0 -1
    outer loop
      vertex 136.15 23.5278 0
      vertex 126.913 4.6194 0
      vertex 135.965 23.6513 0
    endloop
  endfacet
  facet normal 0 0 -1
    outer loop
      vertex 126.294 4.82963 0
      vertex 135.965 23.6513 0
      vertex 126.913 4.6194 0
    endloop
  endfacet
  facet normal -0 0 -1
    outer loop
      vertex 135.965 23.6513 0
      vertex 126.294 4.82963 0
      vertex 135.798 23.7979 0
    endloop
  endfacet
  facet normal 0 0 -1
    outer loop
      vertex 125.653 4.95722 0
      vertex 135.798 23.7979 0
      vertex 126.294 4.82963 0
    endloop
  endfacet
  facet normal -0 0 -1
    outer loop
      vertex 135.798 23.7979 0
      vertex 125.653 4.95722 0
      vertex 135.651 23.9651 0
    endloop
  endfacet
  facet normal 0 0 -1
    outer loop
      vertex 125 5 0
      vertex 135.651 23.9651 0
      vertex 125.653 4.95722 0
    endloop
  endfacet
  facet normal -0 0 -1
    outer loop
      vertex 135.651 23.9651 0
      vertex 125 5 0
      vertex 135.528 24.15 0
    endloop
  endfacet
  facet normal 0 0 -1
    outer loop
      vertex 124.347 4.95722 0
      vertex 135.528 24.15 0
      vertex 125 5 0
    endloop
  endfacet
  facet normal -0 0 -1
    outer loop
      vertex 135.528 24.15 0
      vertex 124.347 4.95722 0
      vertex 135.429 24.3494 0
    endloop
  endfacet
  facet normal -0 0 -1
    outer loop
      vertex 135.429 24.3494 0
      vertex 124.347 4.95722 0
      vertex 135.358 24.56 0
    endloop
  endfacet
  facet normal 0 0 -1
    outer loop
      vertex 123.706 4.82963 0
      vertex 135.358 24.56 0
      vertex 124.347 4.95722 0
    endloop
  endfacet
  facet normal -0 0 -1
    outer loop
      vertex 135.358 24.56 0
      vertex 123.706 4.82963 0
      vertex 135.315 24.7781 0
    endloop
  endfacet
  facet normal 0 0 -1
    outer loop
      vertex 123.087 4.6194 0
      vertex 135.315 24.7781 0
      vertex 123.706 4.82963 0
    endloop
  endfacet
  facet normal -0 0 -1
    outer loop
      vertex 135.315 24.7781 0
      vertex 123.087 4.6194 0
      vertex 135.3 25 0
    endloop
  endfacet
  facet normal 0 0 -1
    outer loop
      vertex 122.5 4.33013 0
      vertex 135.3 25 0
      vertex 123.087 4.6194 0
    endloop
  endfacet
  facet normal 0 0 -1
    outer loop
      vertex 121.956 3.96677 0
      vertex 135.3 25 0
      vertex 122.5 4.33013 0
    endloop
  endfacet
  facet normal 0 0 -1
    outer loop
      vertex 121.464 3.53553 0
      vertex 135.3 25 0
      vertex 121.956 3.96677 0
    endloop
  endfacet
  facet normal 0 0 -1
    outer loop
      vertex 43 8 0
      vertex 121.464 3.53553 0
      vertex 121.033 3.04381 0
    endloop
  endfacet
  facet normal 0 0 -1
    outer loop
      vertex 43 8 0
      vertex 121.033 3.04381 0
      vertex 120.67 2.5 0
    endloop
  endfacet
  facet normal -0 0 -1
    outer loop
      vertex 120.043 -0.652631 0
      vertex 104.6 -17 0
      vertex 120 0 0
    endloop
  endfacet
  facet normal -0 0 -1
    outer loop
      vertex 120 0 0
      vertex 104.6 -17 0
      vertex 120.043 0.652631 0
    endloop
  endfacet
  facet normal -0 0 -1
    outer loop
      vertex 120.043 0.652631 0
      vertex 104.6 -17 0
      vertex 120.17 1.2941 0
    endloop
  endfacet
  facet normal 0 0 -1
    outer loop
      vertex 88.6 -17 0
      vertex 120.17 1.2941 0
      vertex 104.6 -17 0
    endloop
  endfacet
  facet normal -0 0 -1
    outer loop
      vertex 120.17 1.2941 0
      vertex 88.6 -17 0
      vertex 120.381 1.91342 0
    endloop
  endfacet
  facet normal -0 0 -1
    outer loop
      vertex 120.381 1.91342 0
      vertex 88.6 -17 0
      vertex 120.67 2.5 0
    endloop
  endfacet
  facet normal 0 0 -1
    outer loop
      vertex 43 8 0
      vertex 120.67 2.5 0
      vertex 88.6 -17 0
    endloop
  endfacet
  facet normal -0 0 -1
    outer loop
      vertex 88.6 -33 0
      vertex 43 -42 0
      vertex 88.6 -17 0
    endloop
  endfacet
  facet normal 0 0 -1
    outer loop
      vertex 43 -8 0
      vertex 88.6 -17 0
      vertex 43 -42 0
    endloop
  endfacet
  facet normal 0 0 -1
    outer loop
      vertex 43 8 0
      vertex 88.6 -17 0
      vertex 43 -8 0
    endloop
  endfacet
  facet normal 0 0 -1
    outer loop
      vertex 121.464 3.53553 0
      vertex 43 8 0
      vertex 135.3 25 0
    endloop
  endfacet
  facet normal 0 0 -1
    outer loop
      vertex 13.7 25 0
      vertex 43 8 0
      vertex 27 8 0
    endloop
  endfacet
  facet normal 0 0 -1
    outer loop
      vertex 27 -8 0
      vertex 20 0 0
      vertex 27 8 0
    endloop
  endfacet
  facet normal 0 0 -1
    outer loop
      vertex 19.9572 0.652631 0
      vertex 27 8 0
      vertex 20 0 0
    endloop
  endfacet
  facet normal 0 0 -1
    outer loop
      vertex 19.8296 1.2941 0
      vertex 27 8 0
      vertex 19.9572 0.652631 0
    endloop
  endfacet
  facet normal 0 0 -1
    outer loop
      vertex 19.6194 1.91342 0
      vertex 27 8 0
      vertex 19.8296 1.2941 0
    endloop
  endfacet
  facet normal 0 0 -1
    outer loop
      vertex 19.3301 2.5 0
      vertex 27 8 0
      vertex 19.6194 1.91342 0
    endloop
  endfacet
  facet normal 0 0 -1
    outer loop
      vertex 18.9668 3.04381 0
      vertex 27 8 0
      vertex 19.3301 2.5 0
    endloop
  endfacet
  facet normal 0 0 -1
    outer loop
      vertex 18.5355 3.53553 0
      vertex 27 8 0
      vertex 18.9668 3.04381 0
    endloop
  endfacet
  facet normal 0 0 -1
    outer loop
      vertex 18.0438 3.96677 0
      vertex 27 8 0
      vertex 18.5355 3.53553 0
    endloop
  endfacet
  facet normal 0 0 -1
    outer loop
      vertex 17.5 4.33013 0
      vertex 27 8 0
      vertex 18.0438 3.96677 0
    endloop
  endfacet
  facet normal 0 0 -1
    outer loop
      vertex 16.9134 4.6194 0
      vertex 27 8 0
      vertex 17.5 4.33013 0
    endloop
  endfacet
  facet normal 0 0 -1
    outer loop
      vertex 16.2941 4.82963 0
      vertex 27 8 0
      vertex 16.9134 4.6194 0
    endloop
  endfacet
  facet normal 0 0 -1
    outer loop
      vertex 12.85 23.5278 0
      vertex 16.2941 4.82963 0
      vertex 15.6526 4.95722 0
    endloop
  endfacet
  facet normal 0 0 -1
    outer loop
      vertex 12.6506 23.4294 0
      vertex 15.6526 4.95722 0
      vertex 15 5 0
    endloop
  endfacet
  facet normal 0 0 -1
    outer loop
      vertex 12.44 23.3579 0
      vertex 15 5 0
      vertex 14.3474 4.95722 0
    endloop
  endfacet
  facet normal 0 0 -1
    outer loop
      vertex 12 23.3 0
      vertex 14.3474 4.95722 0
      vertex 13.7059 4.82963 0
    endloop
  endfacet
  facet normal 0 0 -1
    outer loop
      vertex 43 8 0
      vertex 13.7 25 0
      vertex 135.3 25 0
    endloop
  endfacet
  facet normal 0 0 -1
    outer loop
      vertex 16.2941 4.82963 0
      vertex 12.85 23.5278 0
      vertex 13.0349 23.6513 0
    endloop
  endfacet
  facet normal 0 0 -1
    outer loop
      vertex 27 8 0
      vertex 13.6855 24.7781 0
      vertex 13.7 25 0
    endloop
  endfacet
  facet normal 0 0 -1
    outer loop
      vertex 27 8 0
      vertex 13.6421 24.56 0
      vertex 13.6855 24.7781 0
    endloop
  endfacet
  facet normal 0 0 -1
    outer loop
      vertex 27 8 0
      vertex 13.5706 24.3494 0
      vertex 13.6421 24.56 0
    endloop
  endfacet
  facet normal 0 0 -1
    outer loop
      vertex 27 8 0
      vertex 13.4722 24.15 0
      vertex 13.5706 24.3494 0
    endloop
  endfacet
  facet normal 0 0 -1
    outer loop
      vertex 27 8 0
      vertex 13.3487 23.9651 0
      vertex 13.4722 24.15 0
    endloop
  endfacet
  facet normal 0 0 -1
    outer loop
      vertex 27 8 0
      vertex 13.2021 23.7979 0
      vertex 13.3487 23.9651 0
    endloop
  endfacet
  facet normal 0 0 -1
    outer loop
      vertex 11.7781 23.3145 0
      vertex 13.7059 4.82963 0
      vertex 13.0866 4.6194 0
    endloop
  endfacet
  facet normal 0 0 -1
    outer loop
      vertex 27 8 0
      vertex 13.0349 23.6513 0
      vertex 13.2021 23.7979 0
    endloop
  endfacet
  facet normal 0 0 -1
    outer loop
      vertex 16.2941 4.82963 0
      vertex 13.0349 23.6513 0
      vertex 27 8 0
    endloop
  endfacet
  facet normal 0 0 -1
    outer loop
      vertex 15.6526 4.95722 0
      vertex 12.6506 23.4294 0
      vertex 12.85 23.5278 0
    endloop
  endfacet
  facet normal 0 0 -1
    outer loop
      vertex 11.56 23.3579 0
      vertex 13.0866 4.6194 0
      vertex 12.5 4.33013 0
    endloop
  endfacet
  facet normal 0 0 -1
    outer loop
      vertex 15 5 0
      vertex 12.44 23.3579 0
      vertex 12.6506 23.4294 0
    endloop
  endfacet
  facet normal 0 0 -1
    outer loop
      vertex 14.3474 4.95722 0
      vertex 12.2219 23.3145 0
      vertex 12.44 23.3579 0
    endloop
  endfacet
  facet normal 0 0 -1
    outer loop
      vertex 14.3474 4.95722 0
      vertex 12 23.3 0
      vertex 12.2219 23.3145 0
    endloop
  endfacet
  facet normal 0 0 -1
    outer loop
      vertex 11.15 23.5278 0
      vertex 12.5 4.33013 0
      vertex 11.9562 3.96677 0
    endloop
  endfacet
  facet normal 0 0 -1
    outer loop
      vertex 13.7059 4.82963 0
      vertex 11.7781 23.3145 0
      vertex 12 23.3 0
    endloop
  endfacet
  facet normal 0 0 -1
    outer loop
      vertex 13.0866 4.6194 0
      vertex 11.56 23.3579 0
      vertex 11.7781 23.3145 0
    endloop
  endfacet
  facet normal 0 0 -1
    outer loop
      vertex 0 25 0
      vertex 11.9562 3.96677 0
      vertex 11.4645 3.53553 0
    endloop
  endfacet
  facet normal 0 0 -1
    outer loop
      vertex 12.5 4.33013 0
      vertex 11.3494 23.4294 0
      vertex 11.56 23.3579 0
    endloop
  endfacet
  facet normal 0 0 -1
    outer loop
      vertex 12.5 4.33013 0
      vertex 11.15 23.5278 0
      vertex 11.3494 23.4294 0
    endloop
  endfacet
  facet normal 0 0 -1
    outer loop
      vertex 0 25 0
      vertex 11.4645 3.53553 0
      vertex 11.0332 3.04381 0
    endloop
  endfacet
  facet normal 0 0 -1
    outer loop
      vertex 11.9562 3.96677 0
      vertex 10.9651 23.6513 0
      vertex 11.15 23.5278 0
    endloop
  endfacet
  facet normal 0 0 -1
    outer loop
      vertex 11.9562 3.96677 0
      vertex 0 25 0
      vertex 10.9651 23.6513 0
    endloop
  endfacet
  facet normal 0 0 -1
    outer loop
      vertex 0 25 0
      vertex 11.0332 3.04381 0
      vertex 10.6699 2.5 0
    endloop
  endfacet
  facet normal 0 0 -1
    outer loop
      vertex 10.9651 23.6513 0
      vertex 0 25 0
      vertex 10.7979 23.7979 0
    endloop
  endfacet
  facet normal 0 0 -1
    outer loop
      vertex 10.7979 23.7979 0
      vertex 0 25 0
      vertex 10.6513 23.9651 0
    endloop
  endfacet
  facet normal 0 0 -1
    outer loop
      vertex 10.6513 23.9651 0
      vertex 0 25 0
      vertex 10.5278 24.15 0
    endloop
  endfacet
  facet normal 0 0 -1
    outer loop
      vertex 0 25 0
      vertex 10.6699 2.5 0
      vertex 10.3806 1.91342 0
    endloop
  endfacet
  facet normal 0 0 -1
    outer loop
      vertex 10.5278 24.15 0
      vertex 0 25 0
      vertex 10.4294 24.3494 0
    endloop
  endfacet
  facet normal 0 0 -1
    outer loop
      vertex 10.4294 24.3494 0
      vertex 0 25 0
      vertex 10.3579 24.56 0
    endloop
  endfacet
  facet normal 0 0 -1
    outer loop
      vertex 10.3579 24.56 0
      vertex 0 25 0
      vertex 10.3145 24.7781 0
    endloop
  endfacet
  facet normal 0 0 -1
    outer loop
      vertex 0 25 0
      vertex 10.3806 1.91342 0
      vertex 10.1704 1.2941 0
    endloop
  endfacet
  facet normal 0 0 -1
    outer loop
      vertex 0 25 0
      vertex 10.1704 1.2941 0
      vertex 10.0428 0.652631 0
    endloop
  endfacet
  facet normal 0 0 -1
    outer loop
      vertex 0 25 0
      vertex 10.0428 0.652631 0
      vertex 10 0 0
    endloop
  endfacet
  facet normal 0 0 -1
    outer loop
      vertex 10.0428 -0.652631 0
      vertex 0 25 0
      vertex 10 0 0
    endloop
  endfacet
  facet normal 0 0 -1
    outer loop
      vertex 10.3145 24.7781 0
      vertex 0 25 0
      vertex 10.3 25 0
    endloop
  endfacet
  facet normal -1 0 0
    outer loop
      vertex 87.6 -34 6
      vertex 87.6 -16 10.5
      vertex 87.6 -16 6
    endloop
  endfacet
  facet normal -1 -0 0
    outer loop
      vertex 87.6 -16 10.5
      vertex 87.6 -34 6
      vertex 87.6 -34 10.5
    endloop
  endfacet
  facet normal 0 0 1
    outer loop
      vertex 105.6 -16 10.5
      vertex 103.6 -18 10.5
      vertex 105.6 -34 10.5
    endloop
  endfacet
  facet normal 0 0 1
    outer loop
      vertex 105.6 -16 10.5
      vertex 89.6 -18 10.5
      vertex 103.6 -18 10.5
    endloop
  endfacet
  facet normal 0 0 1
    outer loop
      vertex 89.6 -18 10.5
      vertex 87.6 -16 10.5
      vertex 89.6 -32 10.5
    endloop
  endfacet
  facet normal -0 0 1
    outer loop
      vertex 87.6 -16 10.5
      vertex 89.6 -18 10.5
      vertex 105.6 -16 10.5
    endloop
  endfacet
  facet normal -0 0 1
    outer loop
      vertex 103.6 -32 10.5
      vertex 105.6 -34 10.5
      vertex 103.6 -18 10.5
    endloop
  endfacet
  facet normal -0 0 1
    outer loop
      vertex 89.6 -32 10.5
      vertex 105.6 -34 10.5
      vertex 103.6 -32 10.5
    endloop
  endfacet
  facet normal 0 0 1
    outer loop
      vertex 89.6 -32 10.5
      vertex 87.6 -34 10.5
      vertex 105.6 -34 10.5
    endloop
  endfacet
  facet normal 0 0 1
    outer loop
      vertex 87.6 -34 10.5
      vertex 89.6 -32 10.5
      vertex 87.6 -16 10.5
    endloop
  endfacet
  facet normal 1 -0 0
    outer loop
      vertex 105.6 -34 10.5
      vertex 105.6 -16 6
      vertex 105.6 -16 10.5
    endloop
  endfacet
  facet normal 1 0 0
    outer loop
      vertex 105.6 -16 6
      vertex 105.6 -34 10.5
      vertex 105.6 -34 6
    endloop
  endfacet
  facet normal 0 1 -0
    outer loop
      vertex 105.6 -16 6
      vertex 87.6 -16 10.5
      vertex 105.6 -16 10.5
    endloop
  endfacet
  facet normal 0 1 0
    outer loop
      vertex 87.6 -16 10.5
      vertex 105.6 -16 6
      vertex 87.6 -16 6
    endloop
  endfacet
  facet normal 1 -0 0
    outer loop
      vertex 28 -7 10.5
      vertex 28 7 9.5
      vertex 28 7 10.5
    endloop
  endfacet
  facet normal 1 0 0
    outer loop
      vertex 28 7 9.5
      vertex 28 -7 10.5
      vertex 28 -7 9.5
    endloop
  endfacet
  facet normal -1 0 0
    outer loop
      vertex 42 -7 9.5
      vertex 42 7 10.5
      vertex 42 7 9.5
    endloop
  endfacet
  facet normal -1 -0 0
    outer loop
      vertex 42 7 10.5
      vertex 42 -7 9.5
      vertex 42 -7 10.5
    endloop
  endfacet
  facet normal 0 1 -0
    outer loop
      vertex 42 -7 9.5
      vertex 28 -7 10.5
      vertex 42 -7 10.5
    endloop
  endfacet
  facet normal 0 1 0
    outer loop
      vertex 28 -7 10.5
      vertex 42 -7 9.5
      vertex 28 -7 9.5
    endloop
  endfacet
  facet normal 0 -1 0
    outer loop
      vertex 28 7 9.5
      vertex 42 7 10.5
      vertex 28 7 10.5
    endloop
  endfacet
  facet normal 0 -1 -0
    outer loop
      vertex 42 7 10.5
      vertex 28 7 9.5
      vertex 42 7 9.5
    endloop
  endfacet
  facet normal 1 -0 0
    outer loop
      vertex 27 -8 9.5
      vertex 27 8 0
      vertex 27 8 9.5
    endloop
  endfacet
  facet normal 1 0 0
    outer loop
      vertex 27 8 0
      vertex 27 -8 9.5
      vertex 27 -8 0
    endloop
  endfacet
  facet normal 0 0 -1
    outer loop
      vertex 43 -8 9.5
      vertex 42 -7 9.5
      vertex 43 8 9.5
    endloop
  endfacet
  facet normal 0 0 -1
    outer loop
      vertex 43 -8 9.5
      vertex 28 -7 9.5
      vertex 42 -7 9.5
    endloop
  endfacet
  facet normal -0 0 -1
    outer loop
      vertex 28 -7 9.5
      vertex 27 -8 9.5
      vertex 28 7 9.5
    endloop
  endfacet
  facet normal 0 0 -1
    outer loop
      vertex 27 -8 9.5
      vertex 28 -7 9.5
      vertex 43 -8 9.5
    endloop
  endfacet
  facet normal 0 0 -1
    outer loop
      vertex 42 7 9.5
      vertex 43 8 9.5
      vertex 42 -7 9.5
    endloop
  endfacet
  facet normal 0 0 -1
    outer loop
      vertex 28 7 9.5
      vertex 43 8 9.5
      vertex 42 7 9.5
    endloop
  endfacet
  facet normal 0 0 -1
    outer loop
      vertex 28 7 9.5
      vertex 27 8 9.5
      vertex 43 8 9.5
    endloop
  endfacet
  facet normal 0 0 -1
    outer loop
      vertex 27 8 9.5
      vertex 28 7 9.5
      vertex 27 -8 9.5
    endloop
  endfacet
  facet normal -1 0 0
    outer loop
      vertex 43 -8 0
      vertex 43 8 9.5
      vertex 43 8 0
    endloop
  endfacet
  facet normal -1 -0 0
    outer loop
      vertex 43 8 9.5
      vertex 43 -8 0
      vertex 43 -8 9.5
    endloop
  endfacet
  facet normal 0 -1 0
    outer loop
      vertex 27 8 0
      vertex 43 8 9.5
      vertex 27 8 9.5
    endloop
  endfacet
  facet normal 0 -1 -0
    outer loop
      vertex 43 8 9.5
      vertex 27 8 0
      vertex 43 8 0
    endloop
  endfacet
  facet normal 0 1 -0
    outer loop
      vertex 43 -8 0
      vertex 27 -8 9.5
      vertex 43 -8 9.5
    endloop
  endfacet
  facet normal 0 1 0
    outer loop
      vertex 27 -8 9.5
      vertex 43 -8 0
      vertex 27 -8 0
    endloop
  endfacet
  facet normal 1 -0 0
    outer loop
      vertex 89.6 -32 10.5
      vertex 89.6 -18 9.5
      vertex 89.6 -18 10.5
    endloop
  endfacet
  facet normal 1 0 0
    outer loop
      vertex 89.6 -18 9.5
      vertex 89.6 -32 10.5
      vertex 89.6 -32 9.5
    endloop
  endfacet
  facet normal -1 0 0
    outer loop
      vertex 103.6 -32 9.5
      vertex 103.6 -18 10.5
      vertex 103.6 -18 9.5
    endloop
  endfacet
  facet normal -1 -0 0
    outer loop
      vertex 103.6 -18 10.5
      vertex 103.6 -32 9.5
      vertex 103.6 -32 10.5
    endloop
  endfacet
  facet normal 0 -1 0
    outer loop
      vertex 89.6 -18 9.5
      vertex 103.6 -18 10.5
      vertex 89.6 -18 10.5
    endloop
  endfacet
  facet normal 0 -1 -0
    outer loop
      vertex 103.6 -18 10.5
      vertex 89.6 -18 9.5
      vertex 103.6 -18 9.5
    endloop
  endfacet
  facet normal 1 -0 0
    outer loop
      vertex 88.6 -33 9.5
      vertex 88.6 -17 0
      vertex 88.6 -17 9.5
    endloop
  endfacet
  facet normal 1 0 0
    outer loop
      vertex 88.6 -17 0
      vertex 88.6 -33 9.5
      vertex 88.6 -33 0
    endloop
  endfacet
  facet normal 0 0 -1
    outer loop
      vertex 104.6 -33 9.5
      vertex 103.6 -32 9.5
      vertex 104.6 -17 9.5
    endloop
  endfacet
  facet normal 0 0 -1
    outer loop
      vertex 104.6 -33 9.5
      vertex 89.6 -32 9.5
      vertex 103.6 -32 9.5
    endloop
  endfacet
  facet normal -0 0 -1
    outer loop
      vertex 89.6 -32 9.5
      vertex 88.6 -33 9.5
      vertex 89.6 -18 9.5
    endloop
  endfacet
  facet normal 0 0 -1
    outer loop
      vertex 88.6 -33 9.5
      vertex 89.6 -32 9.5
      vertex 104.6 -33 9.5
    endloop
  endfacet
  facet normal 0 0 -1
    outer loop
      vertex 103.6 -18 9.5
      vertex 104.6 -17 9.5
      vertex 103.6 -32 9.5
    endloop
  endfacet
  facet normal 0 0 -1
    outer loop
      vertex 89.6 -18 9.5
      vertex 104.6 -17 9.5
      vertex 103.6 -18 9.5
    endloop
  endfacet
  facet normal 0 0 -1
    outer loop
      vertex 89.6 -18 9.5
      vertex 88.6 -17 9.5
      vertex 104.6 -17 9.5
    endloop
  endfacet
  facet normal 0 0 -1
    outer loop
      vertex 88.6 -17 9.5
      vertex 89.6 -18 9.5
      vertex 88.6 -33 9.5
    endloop
  endfacet
  facet normal -1 0 0
    outer loop
      vertex 104.6 -33 0
      vertex 104.6 -17 9.5
      vertex 104.6 -17 0
    endloop
  endfacet
  facet normal -1 -0 0
    outer loop
      vertex 104.6 -17 9.5
      vertex 104.6 -33 0
      vertex 104.6 -33 9.5
    endloop
  endfacet
  facet normal 0 -1 0
    outer loop
      vertex 88.6 -17 0
      vertex 104.6 -17 9.5
      vertex 88.6 -17 9.5
    endloop
  endfacet
  facet normal 0 -1 -0
    outer loop
      vertex 104.6 -17 9.5
      vertex 88.6 -17 0
      vertex 104.6 -17 0
    endloop
  endfacet
  facet normal -0.751908 0.659268 0
    outer loop
      vertex 13.2021 23.7979 0
      vertex 13.3487 23.9651 6
      vertex 13.3487 23.9651 0
    endloop
  endfacet
  facet normal -0.751908 0.659268 0
    outer loop
      vertex 13.3487 23.9651 6
      vertex 13.2021 23.7979 0
      vertex 13.2021 23.7979 6
    endloop
  endfacet
  facet normal -0.98077 0.195165 0
    outer loop
      vertex 13.6421 24.56 0
      vertex 13.6855 24.7781 6
      vertex 13.6855 24.7781 0
    endloop
  endfacet
  facet normal -0.98077 0.195165 0
    outer loop
      vertex 13.6855 24.7781 6
      vertex 13.6421 24.56 0
      vertex 13.6421 24.56 6
    endloop
  endfacet
  facet normal 0.44253 0.896754 -0
    outer loop
      vertex 11.3494 23.4294 0
      vertex 11.15 23.5278 6
      vertex 11.3494 23.4294 6
    endloop
  endfacet
  facet normal 0.44253 0.896754 0
    outer loop
      vertex 11.15 23.5278 6
      vertex 11.3494 23.4294 0
      vertex 11.15 23.5278 0
    endloop
  endfacet
  facet normal 0.659268 0.751908 -0
    outer loop
      vertex 10.9651 23.6513 0
      vertex 10.7979 23.7979 6
      vertex 10.9651 23.6513 6
    endloop
  endfacet
  facet normal 0.659268 0.751908 0
    outer loop
      vertex 10.7979 23.7979 6
      vertex 10.9651 23.6513 0
      vertex 10.7979 23.7979 0
    endloop
  endfacet
  facet normal 0.321484 0.946915 -0
    outer loop
      vertex 11.56 23.3579 0
      vertex 11.3494 23.4294 6
      vertex 11.56 23.3579 6
    endloop
  endfacet
  facet normal 0.321484 0.946915 0
    outer loop
      vertex 11.3494 23.4294 6
      vertex 11.56 23.3579 0
      vertex 11.3494 23.4294 0
    endloop
  endfacet
  facet normal 0.751908 0.659268 0
    outer loop
      vertex 10.7979 23.7979 6
      vertex 10.6513 23.9651 0
      vertex 10.6513 23.9651 6
    endloop
  endfacet
  facet normal 0.751908 0.659268 0
    outer loop
      vertex 10.6513 23.9651 0
      vertex 10.7979 23.7979 6
      vertex 10.7979 23.7979 0
    endloop
  endfacet
  facet normal -0.0652057 0.997872 0
    outer loop
      vertex 12.2219 23.3145 0
      vertex 12 23.3 6
      vertex 12.2219 23.3145 6
    endloop
  endfacet
  facet normal -0.0652057 0.997872 0
    outer loop
      vertex 12 23.3 6
      vertex 12.2219 23.3145 0
      vertex 12 23.3 0
    endloop
  endfacet
  facet normal -0.321484 0.946915 0
    outer loop
      vertex 12.6506 23.4294 0
      vertex 12.44 23.3579 6
      vertex 12.6506 23.4294 6
    endloop
  endfacet
  facet normal -0.321484 0.946915 0
    outer loop
      vertex 12.44 23.3579 6
      vertex 12.6506 23.4294 0
      vertex 12.44 23.3579 0
    endloop
  endfacet
  facet normal -0.44253 0.896754 0
    outer loop
      vertex 12.85 23.5278 0
      vertex 12.6506 23.4294 6
      vertex 12.85 23.5278 6
    endloop
  endfacet
  facet normal -0.44253 0.896754 0
    outer loop
      vertex 12.6506 23.4294 6
      vertex 12.85 23.5278 0
      vertex 12.6506 23.4294 0
    endloop
  endfacet
  facet normal -0.659268 0.751908 0
    outer loop
      vertex 13.2021 23.7979 0
      vertex 13.0349 23.6513 6
      vertex 13.2021 23.7979 6
    endloop
  endfacet
  facet normal -0.659268 0.751908 0
    outer loop
      vertex 13.0349 23.6513 6
      vertex 13.2021 23.7979 0
      vertex 13.0349 23.6513 0
    endloop
  endfacet
  facet normal -0.946915 0.321484 0
    outer loop
      vertex 13.5706 24.3494 0
      vertex 13.6421 24.56 6
      vertex 13.6421 24.56 0
    endloop
  endfacet
  facet normal -0.946915 0.321484 0
    outer loop
      vertex 13.6421 24.56 6
      vertex 13.5706 24.3494 0
      vertex 13.5706 24.3494 6
    endloop
  endfacet
  facet normal -0.831566 0.555426 0
    outer loop
      vertex 13.3487 23.9651 0
      vertex 13.4722 24.15 6
      vertex 13.4722 24.15 0
    endloop
  endfacet
  facet normal -0.831566 0.555426 0
    outer loop
      vertex 13.4722 24.15 6
      vertex 13.3487 23.9651 0
      vertex 13.3487 23.9651 6
    endloop
  endfacet
  facet normal -0.896754 0.44253 0
    outer loop
      vertex 13.4722 24.15 0
      vertex 13.5706 24.3494 6
      vertex 13.5706 24.3494 0
    endloop
  endfacet
  facet normal -0.896754 0.44253 0
    outer loop
      vertex 13.5706 24.3494 6
      vertex 13.4722 24.15 0
      vertex 13.4722 24.15 6
    endloop
  endfacet
  facet normal 0.555426 0.831566 -0
    outer loop
      vertex 11.15 23.5278 0
      vertex 10.9651 23.6513 6
      vertex 11.15 23.5278 6
    endloop
  endfacet
  facet normal 0.555426 0.831566 0
    outer loop
      vertex 10.9651 23.6513 6
      vertex 11.15 23.5278 0
      vertex 10.9651 23.6513 0
    endloop
  endfacet
  facet normal 0.195165 0.98077 -0
    outer loop
      vertex 11.7781 23.3145 0
      vertex 11.56 23.3579 6
      vertex 11.7781 23.3145 6
    endloop
  endfacet
  facet normal 0.195165 0.98077 0
    outer loop
      vertex 11.56 23.3579 6
      vertex 11.7781 23.3145 0
      vertex 11.56 23.3579 0
    endloop
  endfacet
  facet normal 0.896754 0.44253 0
    outer loop
      vertex 10.5278 24.15 6
      vertex 10.4294 24.3494 0
      vertex 10.4294 24.3494 6
    endloop
  endfacet
  facet normal 0.896754 0.44253 0
    outer loop
      vertex 10.4294 24.3494 0
      vertex 10.5278 24.15 6
      vertex 10.5278 24.15 0
    endloop
  endfacet
  facet normal 0.946915 0.321484 0
    outer loop
      vertex 10.4294 24.3494 6
      vertex 10.3579 24.56 0
      vertex 10.3579 24.56 6
    endloop
  endfacet
  facet normal 0.946915 0.321484 0
    outer loop
      vertex 10.3579 24.56 0
      vertex 10.4294 24.3494 6
      vertex 10.4294 24.3494 0
    endloop
  endfacet
  facet normal 0.997872 0.0652057 0
    outer loop
      vertex 10.3145 24.7781 6
      vertex 10.3 25 0
      vertex 10.3 25 6
    endloop
  endfacet
  facet normal 0.997872 0.0652057 0
    outer loop
      vertex 10.3 25 0
      vertex 10.3145 24.7781 6
      vertex 10.3145 24.7781 0
    endloop
  endfacet
  facet normal -0.997872 0.0652057 0
    outer loop
      vertex 13.6855 24.7781 0
      vertex 13.7 25 6
      vertex 13.7 25 0
    endloop
  endfacet
  facet normal -0.997872 0.0652057 0
    outer loop
      vertex 13.7 25 6
      vertex 13.6855 24.7781 0
      vertex 13.6855 24.7781 6
    endloop
  endfacet
  facet normal -0.195165 0.98077 0
    outer loop
      vertex 12.44 23.3579 0
      vertex 12.2219 23.3145 6
      vertex 12.44 23.3579 6
    endloop
  endfacet
  facet normal -0.195165 0.98077 0
    outer loop
      vertex 12.2219 23.3145 6
      vertex 12.44 23.3579 0
      vertex 12.2219 23.3145 0
    endloop
  endfacet
  facet normal -0.555426 0.831566 0
    outer loop
      vertex 13.0349 23.6513 0
      vertex 12.85 23.5278 6
      vertex 13.0349 23.6513 6
    endloop
  endfacet
  facet normal -0.555426 0.831566 0
    outer loop
      vertex 12.85 23.5278 6
      vertex 13.0349 23.6513 0
      vertex 12.85 23.5278 0
    endloop
  endfacet
  facet normal 0.0652057 0.997872 -0
    outer loop
      vertex 12 23.3 0
      vertex 11.7781 23.3145 6
      vertex 12 23.3 6
    endloop
  endfacet
  facet normal 0.0652057 0.997872 0
    outer loop
      vertex 11.7781 23.3145 6
      vertex 12 23.3 0
      vertex 11.7781 23.3145 0
    endloop
  endfacet
  facet normal 0.831566 0.555426 0
    outer loop
      vertex 10.6513 23.9651 6
      vertex 10.5278 24.15 0
      vertex 10.5278 24.15 6
    endloop
  endfacet
  facet normal 0.831566 0.555426 0
    outer loop
      vertex 10.5278 24.15 0
      vertex 10.6513 23.9651 6
      vertex 10.6513 23.9651 0
    endloop
  endfacet
  facet normal 0.98077 0.195165 0
    outer loop
      vertex 10.3579 24.56 6
      vertex 10.3145 24.7781 0
      vertex 10.3145 24.7781 6
    endloop
  endfacet
  facet normal 0.98077 0.195165 0
    outer loop
      vertex 10.3145 24.7781 0
      vertex 10.3579 24.56 6
      vertex 10.3579 24.56 0
    endloop
  endfacet
  facet normal 0.0651764 0.997874 -0
    outer loop
      vertex 137 23.3 0
      vertex 136.778 23.3145 6
      vertex 137 23.3 6
    endloop
  endfacet
  facet normal 0.0651764 0.997874 0
    outer loop
      vertex 136.778 23.3145 6
      vertex 137 23.3 0
      vertex 136.778 23.3145 0
    endloop
  endfacet
  facet normal -0.751016 0.660284 0
    outer loop
      vertex 138.202 23.7979 0
      vertex 138.349 23.9651 6
      vertex 138.349 23.9651 0
    endloop
  endfacet
  facet normal -0.751016 0.660284 0
    outer loop
      vertex 138.349 23.9651 6
      vertex 138.202 23.7979 0
      vertex 138.202 23.7979 6
    endloop
  endfacet
  facet normal -0.981113 0.193434 0
    outer loop
      vertex 138.642 24.56 0
      vertex 138.685 24.7781 6
      vertex 138.685 24.7781 0
    endloop
  endfacet
  facet normal -0.981113 0.193434 0
    outer loop
      vertex 138.685 24.7781 6
      vertex 138.642 24.56 0
      vertex 138.642 24.56 6
    endloop
  endfacet
  facet normal 0.659714 0.751516 -0
    outer loop
      vertex 135.965 23.6513 0
      vertex 135.798 23.7979 6
      vertex 135.965 23.6513 6
    endloop
  endfacet
  facet normal 0.659714 0.751516 0
    outer loop
      vertex 135.798 23.7979 6
      vertex 135.965 23.6513 0
      vertex 135.798 23.7979 0
    endloop
  endfacet
  facet normal 0.320937 0.947101 -0
    outer loop
      vertex 136.56 23.3579 0
      vertex 136.349 23.4294 6
      vertex 136.56 23.3579 6
    endloop
  endfacet
  facet normal 0.320937 0.947101 0
    outer loop
      vertex 136.349 23.4294 6
      vertex 136.56 23.3579 0
      vertex 136.349 23.4294 0
    endloop
  endfacet
  facet normal 0.751016 0.660284 0
    outer loop
      vertex 135.798 23.7979 6
      vertex 135.651 23.9651 0
      vertex 135.651 23.9651 6
    endloop
  endfacet
  facet normal 0.751016 0.660284 0
    outer loop
      vertex 135.651 23.9651 0
      vertex 135.798 23.7979 6
      vertex 135.798 23.7979 0
    endloop
  endfacet
  facet normal -0.997723 0.0674441 0
    outer loop
      vertex 138.685 24.7781 0
      vertex 138.7 25 6
      vertex 138.7 25 0
    endloop
  endfacet
  facet normal -0.997723 0.0674441 0
    outer loop
      vertex 138.7 25 6
      vertex 138.685 24.7781 0
      vertex 138.685 24.7781 6
    endloop
  endfacet
  facet normal -0.0651764 0.997874 0
    outer loop
      vertex 137.222 23.3145 0
      vertex 137 23.3 6
      vertex 137.222 23.3145 6
    endloop
  endfacet
  facet normal -0.0651764 0.997874 0
    outer loop
      vertex 137 23.3 6
      vertex 137.222 23.3145 0
      vertex 137 23.3 0
    endloop
  endfacet
  facet normal -0.320937 0.947101 0
    outer loop
      vertex 137.651 23.4294 0
      vertex 137.44 23.3579 6
      vertex 137.651 23.4294 6
    endloop
  endfacet
  facet normal -0.320937 0.947101 0
    outer loop
      vertex 137.44 23.3579 6
      vertex 137.651 23.4294 0
      vertex 137.44 23.3579 0
    endloop
  endfacet
  facet normal -0.443245 0.8964 0
    outer loop
      vertex 137.85 23.5278 0
      vertex 137.651 23.4294 6
      vertex 137.85 23.5278 6
    endloop
  endfacet
  facet normal -0.443245 0.8964 0
    outer loop
      vertex 137.651 23.4294 6
      vertex 137.85 23.5278 0
      vertex 137.651 23.4294 0
    endloop
  endfacet
  facet normal -0.659714 0.751516 0
    outer loop
      vertex 138.202 23.7979 0
      vertex 138.035 23.6513 6
      vertex 138.202 23.7979 6
    endloop
  endfacet
  facet normal -0.659714 0.751516 0
    outer loop
      vertex 138.035 23.6513 6
      vertex 138.202 23.7979 0
      vertex 138.035 23.6513 0
    endloop
  endfacet
  facet normal -0.555219 0.831704 0
    outer loop
      vertex 138.035 23.6513 0
      vertex 137.85 23.5278 6
      vertex 138.035 23.6513 6
    endloop
  endfacet
  facet normal -0.555219 0.831704 0
    outer loop
      vertex 137.85 23.5278 6
      vertex 138.035 23.6513 0
      vertex 137.85 23.5278 0
    endloop
  endfacet
  facet normal -0.947598 0.319466 0
    outer loop
      vertex 138.571 24.3494 0
      vertex 138.642 24.56 6
      vertex 138.642 24.56 0
    endloop
  endfacet
  facet normal -0.947598 0.319466 0
    outer loop
      vertex 138.642 24.56 6
      vertex 138.571 24.3494 0
      vertex 138.571 24.3494 6
    endloop
  endfacet
  facet normal -0.832604 0.553869 0
    outer loop
      vertex 138.349 23.9651 0
      vertex 138.472 24.15 6
      vertex 138.472 24.15 0
    endloop
  endfacet
  facet normal -0.832604 0.553869 0
    outer loop
      vertex 138.472 24.15 6
      vertex 138.349 23.9651 0
      vertex 138.349 23.9651 6
    endloop
  endfacet
  facet normal -0.895681 0.444696 0
    outer loop
      vertex 138.472 24.15 0
      vertex 138.571 24.3494 6
      vertex 138.571 24.3494 0
    endloop
  endfacet
  facet normal -0.895681 0.444696 0
    outer loop
      vertex 138.571 24.3494 6
      vertex 138.472 24.15 0
      vertex 138.472 24.15 6
    endloop
  endfacet
  facet normal 0.555219 0.831704 -0
    outer loop
      vertex 136.15 23.5278 0
      vertex 135.965 23.6513 6
      vertex 136.15 23.5278 6
    endloop
  endfacet
  facet normal 0.555219 0.831704 0
    outer loop
      vertex 135.965 23.6513 6
      vertex 136.15 23.5278 0
      vertex 135.965 23.6513 0
    endloop
  endfacet
  facet normal 0.195251 0.980753 -0
    outer loop
      vertex 136.778 23.3145 0
      vertex 136.56 23.3579 6
      vertex 136.778 23.3145 6
    endloop
  endfacet
  facet normal 0.195251 0.980753 0
    outer loop
      vertex 136.56 23.3579 6
      vertex 136.778 23.3145 0
      vertex 136.56 23.3579 0
    endloop
  endfacet
  facet normal 0.895681 0.444696 0
    outer loop
      vertex 135.528 24.15 6
      vertex 135.429 24.3494 0
      vertex 135.429 24.3494 6
    endloop
  endfacet
  facet normal 0.895681 0.444696 0
    outer loop
      vertex 135.429 24.3494 0
      vertex 135.528 24.15 6
      vertex 135.528 24.15 0
    endloop
  endfacet
  facet normal 0.947598 0.319466 0
    outer loop
      vertex 135.429 24.3494 6
      vertex 135.358 24.56 0
      vertex 135.358 24.56 6
    endloop
  endfacet
  facet normal 0.947598 0.319466 0
    outer loop
      vertex 135.358 24.56 0
      vertex 135.429 24.3494 6
      vertex 135.429 24.3494 0
    endloop
  endfacet
  facet normal 0.997723 0.0674441 0
    outer loop
      vertex 135.315 24.7781 6
      vertex 135.3 25 0
      vertex 135.3 25 6
    endloop
  endfacet
  facet normal 0.997723 0.0674441 0
    outer loop
      vertex 135.3 25 0
      vertex 135.315 24.7781 6
      vertex 135.315 24.7781 0
    endloop
  endfacet
  facet normal -0.195251 0.980753 0
    outer loop
      vertex 137.44 23.3579 0
      vertex 137.222 23.3145 6
      vertex 137.44 23.3579 6
    endloop
  endfacet
  facet normal -0.195251 0.980753 0
    outer loop
      vertex 137.222 23.3145 6
      vertex 137.44 23.3579 0
      vertex 137.222 23.3145 0
    endloop
  endfacet
  facet normal 0.443245 0.8964 -0
    outer loop
      vertex 136.349 23.4294 0
      vertex 136.15 23.5278 6
      vertex 136.349 23.4294 6
    endloop
  endfacet
  facet normal 0.443245 0.8964 0
    outer loop
      vertex 136.15 23.5278 6
      vertex 136.349 23.4294 0
      vertex 136.15 23.5278 0
    endloop
  endfacet
  facet normal 0.832604 0.553869 0
    outer loop
      vertex 135.651 23.9651 6
      vertex 135.528 24.15 0
      vertex 135.528 24.15 6
    endloop
  endfacet
  facet normal 0.832604 0.553869 0
    outer loop
      vertex 135.528 24.15 0
      vertex 135.651 23.9651 6
      vertex 135.651 23.9651 0
    endloop
  endfacet
  facet normal 0.981113 0.193434 0
    outer loop
      vertex 135.358 24.56 6
      vertex 135.315 24.7781 0
      vertex 135.315 24.7781 6
    endloop
  endfacet
  facet normal 0.981113 0.193434 0
    outer loop
      vertex 135.315 24.7781 0
      vertex 135.358 24.56 6
      vertex 135.358 24.56 0
    endloop
  endfacet
  facet normal -1 0 0
    outer loop
      vertex 122.5 -27.1 6
      vertex 122.5 -25.1 31.0668
      vertex 122.5 -25.1 6
    endloop
  endfacet
  facet normal -1 -0 0
    outer loop
      vertex 122.5 -25.1 31.0668
      vertex 122.5 -27.1 6
      vertex 122.5 -27.1 31.0668
    endloop
  endfacet
  facet normal -0 0 1
    outer loop
      vertex 122.5 -25.1 31.0668
      vertex 131.5 -27.1 31.0668
      vertex 131.5 -25.1 31.0668
    endloop
  endfacet
  facet normal 0 0 1
    outer loop
      vertex 131.5 -27.1 31.0668
      vertex 122.5 -25.1 31.0668
      vertex 122.5 -27.1 31.0668
    endloop
  endfacet
  facet normal 1 -0 0
    outer loop
      vertex 131.5 -27.1 31.0668
      vertex 131.5 -25.1 6
      vertex 131.5 -25.1 31.0668
    endloop
  endfacet
  facet normal 1 0 0
    outer loop
      vertex 131.5 -25.1 6
      vertex 131.5 -27.1 31.0668
      vertex 131.5 -27.1 6
    endloop
  endfacet
  facet normal 0 1 0
    outer loop
      vertex 131.5 -25.1 31.0668
      vertex 127 -25.1 28.2668
      vertex 122.5 -25.1 31.0668
    endloop
  endfacet
  facet normal 0 1 0
    outer loop
      vertex 131.5 -25.1 31.0668
      vertex 127.222 -25.1 28.2523
      vertex 127 -25.1 28.2668
    endloop
  endfacet
  facet normal 0 1 0
    outer loop
      vertex 131.5 -25.1 31.0668
      vertex 127.44 -25.1 28.2089
      vertex 127.222 -25.1 28.2523
    endloop
  endfacet
  facet normal 0 1 0
    outer loop
      vertex 131.5 -25.1 31.0668
      vertex 127.651 -25.1 28.1374
      vertex 127.44 -25.1 28.2089
    endloop
  endfacet
  facet normal 0 1 0
    outer loop
      vertex 131.5 -25.1 31.0668
      vertex 127.85 -25.1 28.0391
      vertex 127.651 -25.1 28.1374
    endloop
  endfacet
  facet normal 0 1 0
    outer loop
      vertex 131.5 -25.1 31.0668
      vertex 128.035 -25.1 27.9155
      vertex 127.85 -25.1 28.0391
    endloop
  endfacet
  facet normal 0 1 0
    outer loop
      vertex 131.5 -25.1 31.0668
      vertex 128.202 -25.1 27.7689
      vertex 128.035 -25.1 27.9155
    endloop
  endfacet
  facet normal 0 1 0
    outer loop
      vertex 131.5 -25.1 31.0668
      vertex 128.349 -25.1 27.6017
      vertex 128.202 -25.1 27.7689
    endloop
  endfacet
  facet normal 0 1 0
    outer loop
      vertex 131.5 -25.1 31.0668
      vertex 128.472 -25.1 27.4168
      vertex 128.349 -25.1 27.6017
    endloop
  endfacet
  facet normal 0 1 0
    outer loop
      vertex 131.5 -25.1 31.0668
      vertex 128.571 -25.1 27.2174
      vertex 128.472 -25.1 27.4168
    endloop
  endfacet
  facet normal 0 1 0
    outer loop
      vertex 131.5 -25.1 31.0668
      vertex 128.642 -25.1 27.0068
      vertex 128.571 -25.1 27.2174
    endloop
  endfacet
  facet normal 0 1 0
    outer loop
      vertex 131.5 -25.1 31.0668
      vertex 128.685 -25.1 26.7887
      vertex 128.642 -25.1 27.0068
    endloop
  endfacet
  facet normal 0 1 0
    outer loop
      vertex 131.5 -25.1 31.0668
      vertex 128.7 -25.1 26.5668
      vertex 128.685 -25.1 26.7887
    endloop
  endfacet
  facet normal 0 1 0
    outer loop
      vertex 131.5 -25.1 31.0668
      vertex 128.685 -25.1 26.345
      vertex 128.7 -25.1 26.5668
    endloop
  endfacet
  facet normal 0 1 0
    outer loop
      vertex 131.5 -25.1 31.0668
      vertex 128.642 -25.1 26.1269
      vertex 128.685 -25.1 26.345
    endloop
  endfacet
  facet normal 0 1 0
    outer loop
      vertex 131.5 -25.1 31.0668
      vertex 128.571 -25.1 25.9163
      vertex 128.642 -25.1 26.1269
    endloop
  endfacet
  facet normal 0 1 -0
    outer loop
      vertex 131.5 -25.1 6
      vertex 128.571 -25.1 25.9163
      vertex 131.5 -25.1 31.0668
    endloop
  endfacet
  facet normal 0 1 0
    outer loop
      vertex 127.222 -25.1 24.8814
      vertex 131.5 -25.1 6
      vertex 127 -25.1 24.8668
    endloop
  endfacet
  facet normal 0 1 0
    outer loop
      vertex 127.44 -25.1 24.9248
      vertex 131.5 -25.1 6
      vertex 127.222 -25.1 24.8814
    endloop
  endfacet
  facet normal 0 1 0
    outer loop
      vertex 127.651 -25.1 24.9963
      vertex 131.5 -25.1 6
      vertex 127.44 -25.1 24.9248
    endloop
  endfacet
  facet normal 0 1 0
    outer loop
      vertex 127.85 -25.1 25.0946
      vertex 131.5 -25.1 6
      vertex 127.651 -25.1 24.9963
    endloop
  endfacet
  facet normal 0 1 0
    outer loop
      vertex 128.035 -25.1 25.2181
      vertex 131.5 -25.1 6
      vertex 127.85 -25.1 25.0946
    endloop
  endfacet
  facet normal 0 1 0
    outer loop
      vertex 128.202 -25.1 25.3648
      vertex 131.5 -25.1 6
      vertex 128.035 -25.1 25.2181
    endloop
  endfacet
  facet normal 0 1 0
    outer loop
      vertex 128.349 -25.1 25.532
      vertex 131.5 -25.1 6
      vertex 128.202 -25.1 25.3648
    endloop
  endfacet
  facet normal 0 1 0
    outer loop
      vertex 128.472 -25.1 25.7168
      vertex 131.5 -25.1 6
      vertex 128.349 -25.1 25.532
    endloop
  endfacet
  facet normal 0 1 0
    outer loop
      vertex 128.571 -25.1 25.9163
      vertex 131.5 -25.1 6
      vertex 128.472 -25.1 25.7168
    endloop
  endfacet
  facet normal 0 1 -0
    outer loop
      vertex 126.778 -25.1 28.2523
      vertex 122.5 -25.1 31.0668
      vertex 127 -25.1 28.2668
    endloop
  endfacet
  facet normal 0 1 -0
    outer loop
      vertex 126.56 -25.1 28.2089
      vertex 122.5 -25.1 31.0668
      vertex 126.778 -25.1 28.2523
    endloop
  endfacet
  facet normal 0 1 -0
    outer loop
      vertex 126.349 -25.1 28.1374
      vertex 122.5 -25.1 31.0668
      vertex 126.56 -25.1 28.2089
    endloop
  endfacet
  facet normal 0 1 -0
    outer loop
      vertex 126.15 -25.1 28.0391
      vertex 122.5 -25.1 31.0668
      vertex 126.349 -25.1 28.1374
    endloop
  endfacet
  facet normal 0 1 -0
    outer loop
      vertex 125.965 -25.1 27.9155
      vertex 122.5 -25.1 31.0668
      vertex 126.15 -25.1 28.0391
    endloop
  endfacet
  facet normal 0 1 -0
    outer loop
      vertex 125.798 -25.1 27.7689
      vertex 122.5 -25.1 31.0668
      vertex 125.965 -25.1 27.9155
    endloop
  endfacet
  facet normal 0 1 -0
    outer loop
      vertex 125.651 -25.1 27.6017
      vertex 122.5 -25.1 31.0668
      vertex 125.798 -25.1 27.7689
    endloop
  endfacet
  facet normal 0 1 -0
    outer loop
      vertex 125.528 -25.1 27.4168
      vertex 122.5 -25.1 31.0668
      vertex 125.651 -25.1 27.6017
    endloop
  endfacet
  facet normal 0 1 -0
    outer loop
      vertex 125.429 -25.1 27.2174
      vertex 122.5 -25.1 31.0668
      vertex 125.528 -25.1 27.4168
    endloop
  endfacet
  facet normal 0 1 -0
    outer loop
      vertex 125.358 -25.1 27.0068
      vertex 122.5 -25.1 31.0668
      vertex 125.429 -25.1 27.2174
    endloop
  endfacet
  facet normal 0 1 -0
    outer loop
      vertex 125.315 -25.1 26.7887
      vertex 122.5 -25.1 31.0668
      vertex 125.358 -25.1 27.0068
    endloop
  endfacet
  facet normal 0 1 -0
    outer loop
      vertex 125.3 -25.1 26.5668
      vertex 122.5 -25.1 31.0668
      vertex 125.315 -25.1 26.7887
    endloop
  endfacet
  facet normal 0 1 0
    outer loop
      vertex 125.315 -25.1 26.345
      vertex 122.5 -25.1 31.0668
      vertex 125.3 -25.1 26.5668
    endloop
  endfacet
  facet normal 0 1 0
    outer loop
      vertex 125.358 -25.1 26.1269
      vertex 122.5 -25.1 31.0668
      vertex 125.315 -25.1 26.345
    endloop
  endfacet
  facet normal 0 1 0
    outer loop
      vertex 125.429 -25.1 25.9163
      vertex 122.5 -25.1 31.0668
      vertex 125.358 -25.1 26.1269
    endloop
  endfacet
  facet normal 0 1 0
    outer loop
      vertex 122.5 -25.1 6
      vertex 125.429 -25.1 25.9163
      vertex 125.528 -25.1 25.7168
    endloop
  endfacet
  facet normal 0 1 0
    outer loop
      vertex 122.5 -25.1 6
      vertex 127 -25.1 24.8668
      vertex 131.5 -25.1 6
    endloop
  endfacet
  facet normal 0 1 0
    outer loop
      vertex 127 -25.1 24.8668
      vertex 122.5 -25.1 6
      vertex 126.778 -25.1 24.8814
    endloop
  endfacet
  facet normal 0 1 0
    outer loop
      vertex 126.778 -25.1 24.8814
      vertex 122.5 -25.1 6
      vertex 126.56 -25.1 24.9248
    endloop
  endfacet
  facet normal 0 1 0
    outer loop
      vertex 126.56 -25.1 24.9248
      vertex 122.5 -25.1 6
      vertex 126.349 -25.1 24.9963
    endloop
  endfacet
  facet normal 0 1 0
    outer loop
      vertex 126.349 -25.1 24.9963
      vertex 122.5 -25.1 6
      vertex 126.15 -25.1 25.0946
    endloop
  endfacet
  facet normal 0 1 0
    outer loop
      vertex 126.15 -25.1 25.0946
      vertex 122.5 -25.1 6
      vertex 125.965 -25.1 25.2181
    endloop
  endfacet
  facet normal 0 1 0
    outer loop
      vertex 125.965 -25.1 25.2181
      vertex 122.5 -25.1 6
      vertex 125.798 -25.1 25.3648
    endloop
  endfacet
  facet normal 0 1 0
    outer loop
      vertex 125.798 -25.1 25.3648
      vertex 122.5 -25.1 6
      vertex 125.651 -25.1 25.532
    endloop
  endfacet
  facet normal 0 1 0
    outer loop
      vertex 125.651 -25.1 25.532
      vertex 122.5 -25.1 6
      vertex 125.528 -25.1 25.7168
    endloop
  endfacet
  facet normal 0 1 0
    outer loop
      vertex 125.429 -25.1 25.9163
      vertex 122.5 -25.1 6
      vertex 122.5 -25.1 31.0668
    endloop
  endfacet
  facet normal 0 -1 0
    outer loop
      vertex 122.5 -27.1 31.0668
      vertex 127 -27.1 28.2668
      vertex 131.5 -27.1 31.0668
    endloop
  endfacet
  facet normal 0 -1 0
    outer loop
      vertex 122.5 -27.1 31.0668
      vertex 126.778 -27.1 28.2523
      vertex 127 -27.1 28.2668
    endloop
  endfacet
  facet normal 0 -1 0
    outer loop
      vertex 122.5 -27.1 31.0668
      vertex 126.56 -27.1 28.2089
      vertex 126.778 -27.1 28.2523
    endloop
  endfacet
  facet normal 0 -1 0
    outer loop
      vertex 122.5 -27.1 31.0668
      vertex 126.349 -27.1 28.1374
      vertex 126.56 -27.1 28.2089
    endloop
  endfacet
  facet normal 0 -1 0
    outer loop
      vertex 122.5 -27.1 31.0668
      vertex 126.15 -27.1 28.0391
      vertex 126.349 -27.1 28.1374
    endloop
  endfacet
  facet normal 0 -1 0
    outer loop
      vertex 122.5 -27.1 31.0668
      vertex 125.965 -27.1 27.9155
      vertex 126.15 -27.1 28.0391
    endloop
  endfacet
  facet normal 0 -1 0
    outer loop
      vertex 122.5 -27.1 31.0668
      vertex 125.798 -27.1 27.7689
      vertex 125.965 -27.1 27.9155
    endloop
  endfacet
  facet normal 0 -1 0
    outer loop
      vertex 122.5 -27.1 31.0668
      vertex 125.651 -27.1 27.6017
      vertex 125.798 -27.1 27.7689
    endloop
  endfacet
  facet normal 0 -1 0
    outer loop
      vertex 122.5 -27.1 31.0668
      vertex 125.528 -27.1 27.4168
      vertex 125.651 -27.1 27.6017
    endloop
  endfacet
  facet normal 0 -1 0
    outer loop
      vertex 122.5 -27.1 31.0668
      vertex 125.429 -27.1 27.2174
      vertex 125.528 -27.1 27.4168
    endloop
  endfacet
  facet normal 0 -1 0
    outer loop
      vertex 122.5 -27.1 31.0668
      vertex 125.358 -27.1 27.0068
      vertex 125.429 -27.1 27.2174
    endloop
  endfacet
  facet normal 0 -1 0
    outer loop
      vertex 122.5 -27.1 31.0668
      vertex 125.315 -27.1 26.7887
      vertex 125.358 -27.1 27.0068
    endloop
  endfacet
  facet normal 0 -1 0
    outer loop
      vertex 122.5 -27.1 31.0668
      vertex 125.3 -27.1 26.5668
      vertex 125.315 -27.1 26.7887
    endloop
  endfacet
  facet normal 0 -1 0
    outer loop
      vertex 122.5 -27.1 31.0668
      vertex 125.315 -27.1 26.345
      vertex 125.3 -27.1 26.5668
    endloop
  endfacet
  facet normal 0 -1 0
    outer loop
      vertex 122.5 -27.1 31.0668
      vertex 125.358 -27.1 26.1269
      vertex 125.315 -27.1 26.345
    endloop
  endfacet
  facet normal 0 -1 0
    outer loop
      vertex 122.5 -27.1 31.0668
      vertex 125.429 -27.1 25.9163
      vertex 125.358 -27.1 26.1269
    endloop
  endfacet
  facet normal 0 -1 0
    outer loop
      vertex 122.5 -27.1 6
      vertex 125.429 -27.1 25.9163
      vertex 122.5 -27.1 31.0668
    endloop
  endfacet
  facet normal 0 -1 -0
    outer loop
      vertex 126.778 -27.1 24.8814
      vertex 122.5 -27.1 6
      vertex 127 -27.1 24.8668
    endloop
  endfacet
  facet normal 0 -1 -0
    outer loop
      vertex 126.56 -27.1 24.9248
      vertex 122.5 -27.1 6
      vertex 126.778 -27.1 24.8814
    endloop
  endfacet
  facet normal 0 -1 -0
    outer loop
      vertex 126.349 -27.1 24.9963
      vertex 122.5 -27.1 6
      vertex 126.56 -27.1 24.9248
    endloop
  endfacet
  facet normal 0 -1 -0
    outer loop
      vertex 126.15 -27.1 25.0946
      vertex 122.5 -27.1 6
      vertex 126.349 -27.1 24.9963
    endloop
  endfacet
  facet normal 0 -1 -0
    outer loop
      vertex 125.965 -27.1 25.2181
      vertex 122.5 -27.1 6
      vertex 126.15 -27.1 25.0946
    endloop
  endfacet
  facet normal 0 -1 -0
    outer loop
      vertex 125.798 -27.1 25.3648
      vertex 122.5 -27.1 6
      vertex 125.965 -27.1 25.2181
    endloop
  endfacet
  facet normal 0 -1 -0
    outer loop
      vertex 125.651 -27.1 25.532
      vertex 122.5 -27.1 6
      vertex 125.798 -27.1 25.3648
    endloop
  endfacet
  facet normal 0 -1 -0
    outer loop
      vertex 125.528 -27.1 25.7168
      vertex 122.5 -27.1 6
      vertex 125.651 -27.1 25.532
    endloop
  endfacet
  facet normal 0 -1 -0
    outer loop
      vertex 125.429 -27.1 25.9163
      vertex 122.5 -27.1 6
      vertex 125.528 -27.1 25.7168
    endloop
  endfacet
  facet normal 0 -1 0
    outer loop
      vertex 127.222 -27.1 28.2523
      vertex 131.5 -27.1 31.0668
      vertex 127 -27.1 28.2668
    endloop
  endfacet
  facet normal 0 -1 0
    outer loop
      vertex 127.44 -27.1 28.2089
      vertex 131.5 -27.1 31.0668
      vertex 127.222 -27.1 28.2523
    endloop
  endfacet
  facet normal 0 -1 0
    outer loop
      vertex 127.651 -27.1 28.1374
      vertex 131.5 -27.1 31.0668
      vertex 127.44 -27.1 28.2089
    endloop
  endfacet
  facet normal 0 -1 0
    outer loop
      vertex 127.85 -27.1 28.0391
      vertex 131.5 -27.1 31.0668
      vertex 127.651 -27.1 28.1374
    endloop
  endfacet
  facet normal 0 -1 0
    outer loop
      vertex 128.035 -27.1 27.9155
      vertex 131.5 -27.1 31.0668
      vertex 127.85 -27.1 28.0391
    endloop
  endfacet
  facet normal 0 -1 0
    outer loop
      vertex 128.202 -27.1 27.7689
      vertex 131.5 -27.1 31.0668
      vertex 128.035 -27.1 27.9155
    endloop
  endfacet
  facet normal 0 -1 0
    outer loop
      vertex 128.349 -27.1 27.6017
      vertex 131.5 -27.1 31.0668
      vertex 128.202 -27.1 27.7689
    endloop
  endfacet
  facet normal 0 -1 0
    outer loop
      vertex 128.472 -27.1 27.4168
      vertex 131.5 -27.1 31.0668
      vertex 128.349 -27.1 27.6017
    endloop
  endfacet
  facet normal 0 -1 0
    outer loop
      vertex 128.571 -27.1 27.2174
      vertex 131.5 -27.1 31.0668
      vertex 128.472 -27.1 27.4168
    endloop
  endfacet
  facet normal 0 -1 0
    outer loop
      vertex 128.642 -27.1 27.0068
      vertex 131.5 -27.1 31.0668
      vertex 128.571 -27.1 27.2174
    endloop
  endfacet
  facet normal 0 -1 0
    outer loop
      vertex 128.685 -27.1 26.7887
      vertex 131.5 -27.1 31.0668
      vertex 128.642 -27.1 27.0068
    endloop
  endfacet
  facet normal 0 -1 0
    outer loop
      vertex 128.7 -27.1 26.5668
      vertex 131.5 -27.1 31.0668
      vertex 128.685 -27.1 26.7887
    endloop
  endfacet
  facet normal 0 -1 0
    outer loop
      vertex 128.685 -27.1 26.345
      vertex 131.5 -27.1 31.0668
      vertex 128.7 -27.1 26.5668
    endloop
  endfacet
  facet normal 0 -1 0
    outer loop
      vertex 128.642 -27.1 26.1269
      vertex 131.5 -27.1 31.0668
      vertex 128.685 -27.1 26.345
    endloop
  endfacet
  facet normal 0 -1 0
    outer loop
      vertex 128.571 -27.1 25.9163
      vertex 131.5 -27.1 31.0668
      vertex 128.642 -27.1 26.1269
    endloop
  endfacet
  facet normal 0 -1 0
    outer loop
      vertex 131.5 -27.1 6
      vertex 128.571 -27.1 25.9163
      vertex 128.472 -27.1 25.7168
    endloop
  endfacet
  facet normal 0 -1 0
    outer loop
      vertex 131.5 -27.1 6
      vertex 127 -27.1 24.8668
      vertex 122.5 -27.1 6
    endloop
  endfacet
  facet normal 0 -1 0
    outer loop
      vertex 127 -27.1 24.8668
      vertex 131.5 -27.1 6
      vertex 127.222 -27.1 24.8814
    endloop
  endfacet
  facet normal 0 -1 0
    outer loop
      vertex 127.222 -27.1 24.8814
      vertex 131.5 -27.1 6
      vertex 127.44 -27.1 24.9248
    endloop
  endfacet
  facet normal 0 -1 0
    outer loop
      vertex 127.44 -27.1 24.9248
      vertex 131.5 -27.1 6
      vertex 127.651 -27.1 24.9963
    endloop
  endfacet
  facet normal 0 -1 0
    outer loop
      vertex 127.651 -27.1 24.9963
      vertex 131.5 -27.1 6
      vertex 127.85 -27.1 25.0946
    endloop
  endfacet
  facet normal 0 -1 0
    outer loop
      vertex 127.85 -27.1 25.0946
      vertex 131.5 -27.1 6
      vertex 128.035 -27.1 25.2181
    endloop
  endfacet
  facet normal 0 -1 0
    outer loop
      vertex 128.035 -27.1 25.2181
      vertex 131.5 -27.1 6
      vertex 128.202 -27.1 25.3648
    endloop
  endfacet
  facet normal 0 -1 0
    outer loop
      vertex 128.202 -27.1 25.3648
      vertex 131.5 -27.1 6
      vertex 128.349 -27.1 25.532
    endloop
  endfacet
  facet normal 0 -1 0
    outer loop
      vertex 128.349 -27.1 25.532
      vertex 131.5 -27.1 6
      vertex 128.472 -27.1 25.7168
    endloop
  endfacet
  facet normal 0 -1 0
    outer loop
      vertex 128.571 -27.1 25.9163
      vertex 131.5 -27.1 6
      vertex 131.5 -27.1 31.0668
    endloop
  endfacet
  facet normal -0.997721 0 0.0674744
    outer loop
      vertex 128.685 -27.1 26.345
      vertex 128.7 -25.1 26.5668
      vertex 128.685 -25.1 26.345
    endloop
  endfacet
  facet normal -0.997721 0 0.0674744
    outer loop
      vertex 128.7 -25.1 26.5668
      vertex 128.685 -27.1 26.345
      vertex 128.7 -27.1 26.5668
    endloop
  endfacet
  facet normal 0.997721 -0 0.0674744
    outer loop
      vertex 125.3 -27.1 26.5668
      vertex 125.315 -25.1 26.345
      vertex 125.3 -25.1 26.5668
    endloop
  endfacet
  facet normal 0.997721 0 0.0674744
    outer loop
      vertex 125.315 -25.1 26.345
      vertex 125.3 -27.1 26.5668
      vertex 125.315 -27.1 26.345
    endloop
  endfacet
  facet normal -0.065624 0 0.997844
    outer loop
      vertex 127 -25.1 24.8668
      vertex 127.222 -27.1 24.8814
      vertex 127.222 -25.1 24.8814
    endloop
  endfacet
  facet normal -0.065624 0 0.997844
    outer loop
      vertex 127.222 -27.1 24.8814
      vertex 127 -25.1 24.8668
      vertex 127 -27.1 24.8668
    endloop
  endfacet
  facet normal -0.0651764 0 -0.997874
    outer loop
      vertex 127 -27.1 28.2668
      vertex 127.222 -25.1 28.2523
      vertex 127.222 -27.1 28.2523
    endloop
  endfacet
  facet normal -0.0651764 0 -0.997874
    outer loop
      vertex 127.222 -25.1 28.2523
      vertex 127 -27.1 28.2668
      vertex 127 -25.1 28.2668
    endloop
  endfacet
  facet normal -0.659968 0 0.751293
    outer loop
      vertex 128.035 -25.1 25.2181
      vertex 128.202 -27.1 25.3648
      vertex 128.202 -25.1 25.3648
    endloop
  endfacet
  facet normal -0.659968 0 0.751293
    outer loop
      vertex 128.202 -27.1 25.3648
      vertex 128.035 -25.1 25.2181
      vertex 128.035 -27.1 25.2181
    endloop
  endfacet
  facet normal 0.659968 0 0.751293
    outer loop
      vertex 125.798 -25.1 25.3648
      vertex 125.965 -27.1 25.2181
      vertex 125.965 -25.1 25.2181
    endloop
  endfacet
  facet normal 0.659968 0 0.751293
    outer loop
      vertex 125.965 -27.1 25.2181
      vertex 125.798 -25.1 25.3648
      vertex 125.798 -27.1 25.3648
    endloop
  endfacet
  facet normal 0.320937 0 0.947101
    outer loop
      vertex 126.349 -25.1 24.9963
      vertex 126.56 -27.1 24.9248
      vertex 126.56 -25.1 24.9248
    endloop
  endfacet
  facet normal 0.320937 0 0.947101
    outer loop
      vertex 126.56 -27.1 24.9248
      vertex 126.349 -25.1 24.9963
      vertex 126.349 -27.1 24.9963
    endloop
  endfacet
  facet normal -0.89577 0 0.444518
    outer loop
      vertex 128.472 -27.1 25.7168
      vertex 128.571 -25.1 25.9163
      vertex 128.472 -25.1 25.7168
    endloop
  endfacet
  facet normal -0.89577 0 0.444518
    outer loop
      vertex 128.571 -25.1 25.9163
      vertex 128.472 -27.1 25.7168
      vertex 128.571 -27.1 25.9163
    endloop
  endfacet
  facet normal -0.981113 0 0.193434
    outer loop
      vertex 128.642 -27.1 26.1269
      vertex 128.685 -25.1 26.345
      vertex 128.642 -25.1 26.1269
    endloop
  endfacet
  facet normal -0.981113 0 0.193434
    outer loop
      vertex 128.685 -25.1 26.345
      vertex 128.642 -27.1 26.1269
      vertex 128.685 -27.1 26.345
    endloop
  endfacet
  facet normal -0.832466 0 0.554076
    outer loop
      vertex 128.349 -27.1 25.532
      vertex 128.472 -25.1 25.7168
      vertex 128.349 -25.1 25.532
    endloop
  endfacet
  facet normal -0.832466 0 0.554076
    outer loop
      vertex 128.472 -25.1 25.7168
      vertex 128.349 -27.1 25.532
      vertex 128.472 -27.1 25.7168
    endloop
  endfacet
  facet normal -0.320937 0 0.947101
    outer loop
      vertex 127.44 -25.1 24.9248
      vertex 127.651 -27.1 24.9963
      vertex 127.651 -25.1 24.9963
    endloop
  endfacet
  facet normal -0.320937 0 0.947101
    outer loop
      vertex 127.651 -27.1 24.9963
      vertex 127.44 -25.1 24.9248
      vertex 127.44 -27.1 24.9248
    endloop
  endfacet
  facet normal -0.195251 0 0.980753
    outer loop
      vertex 127.222 -25.1 24.8814
      vertex 127.44 -27.1 24.9248
      vertex 127.44 -25.1 24.9248
    endloop
  endfacet
  facet normal -0.195251 0 0.980753
    outer loop
      vertex 127.44 -27.1 24.9248
      vertex 127.222 -25.1 24.8814
      vertex 127.222 -27.1 24.8814
    endloop
  endfacet
  facet normal -0.442883 0 0.896579
    outer loop
      vertex 127.651 -25.1 24.9963
      vertex 127.85 -27.1 25.0946
      vertex 127.85 -25.1 25.0946
    endloop
  endfacet
  facet normal -0.442883 0 0.896579
    outer loop
      vertex 127.85 -27.1 25.0946
      vertex 127.651 -25.1 24.9963
      vertex 127.651 -27.1 24.9963
    endloop
  endfacet
  facet normal 0.89577 -0 0.444518
    outer loop
      vertex 125.429 -27.1 25.9163
      vertex 125.528 -25.1 25.7168
      vertex 125.429 -25.1 25.9163
    endloop
  endfacet
  facet normal 0.89577 0 0.444518
    outer loop
      vertex 125.528 -25.1 25.7168
      vertex 125.429 -27.1 25.9163
      vertex 125.528 -27.1 25.7168
    endloop
  endfacet
  facet normal 0.751016 -0 0.660284
    outer loop
      vertex 125.651 -27.1 25.532
      vertex 125.798 -25.1 25.3648
      vertex 125.651 -25.1 25.532
    endloop
  endfacet
  facet normal 0.751016 0 0.660284
    outer loop
      vertex 125.798 -25.1 25.3648
      vertex 125.651 -27.1 25.532
      vertex 125.798 -27.1 25.3648
    endloop
  endfacet
  facet normal 0.947598 -0 0.319466
    outer loop
      vertex 125.358 -27.1 26.1269
      vertex 125.429 -25.1 25.9163
      vertex 125.358 -25.1 26.1269
    endloop
  endfacet
  facet normal 0.947598 0 0.319466
    outer loop
      vertex 125.429 -25.1 25.9163
      vertex 125.358 -27.1 26.1269
      vertex 125.429 -27.1 25.9163
    endloop
  endfacet
  facet normal 0.195251 0 0.980753
    outer loop
      vertex 126.56 -25.1 24.9248
      vertex 126.778 -27.1 24.8814
      vertex 126.778 -25.1 24.8814
    endloop
  endfacet
  facet normal 0.195251 0 0.980753
    outer loop
      vertex 126.778 -27.1 24.8814
      vertex 126.56 -25.1 24.9248
      vertex 126.56 -27.1 24.9248
    endloop
  endfacet
  facet normal -0.195251 0 -0.980753
    outer loop
      vertex 127.222 -27.1 28.2523
      vertex 127.44 -25.1 28.2089
      vertex 127.44 -27.1 28.2089
    endloop
  endfacet
  facet normal -0.195251 0 -0.980753
    outer loop
      vertex 127.44 -25.1 28.2089
      vertex 127.222 -27.1 28.2523
      vertex 127.222 -25.1 28.2523
    endloop
  endfacet
  facet normal -0.442883 0 -0.896579
    outer loop
      vertex 127.651 -27.1 28.1374
      vertex 127.85 -25.1 28.0391
      vertex 127.85 -27.1 28.0391
    endloop
  endfacet
  facet normal -0.442883 0 -0.896579
    outer loop
      vertex 127.85 -25.1 28.0391
      vertex 127.651 -27.1 28.1374
      vertex 127.651 -25.1 28.1374
    endloop
  endfacet
  facet normal -0.947598 0 0.319466
    outer loop
      vertex 128.571 -27.1 25.9163
      vertex 128.642 -25.1 26.1269
      vertex 128.571 -25.1 25.9163
    endloop
  endfacet
  facet normal -0.947598 0 0.319466
    outer loop
      vertex 128.642 -25.1 26.1269
      vertex 128.571 -27.1 25.9163
      vertex 128.642 -27.1 26.1269
    endloop
  endfacet
  facet normal -0.751016 0 0.660284
    outer loop
      vertex 128.202 -27.1 25.3648
      vertex 128.349 -25.1 25.532
      vertex 128.202 -25.1 25.3648
    endloop
  endfacet
  facet normal -0.751016 0 0.660284
    outer loop
      vertex 128.349 -25.1 25.532
      vertex 128.202 -27.1 25.3648
      vertex 128.349 -27.1 25.532
    endloop
  endfacet
  facet normal -0.555219 0 0.831704
    outer loop
      vertex 127.85 -25.1 25.0946
      vertex 128.035 -27.1 25.2181
      vertex 128.035 -25.1 25.2181
    endloop
  endfacet
  facet normal -0.555219 0 0.831704
    outer loop
      vertex 128.035 -27.1 25.2181
      vertex 127.85 -25.1 25.0946
      vertex 127.85 -27.1 25.0946
    endloop
  endfacet
  facet normal 0.832466 -0 0.554076
    outer loop
      vertex 125.528 -27.1 25.7168
      vertex 125.651 -25.1 25.532
      vertex 125.528 -25.1 25.7168
    endloop
  endfacet
  facet normal 0.832466 0 0.554076
    outer loop
      vertex 125.651 -25.1 25.532
      vertex 125.528 -27.1 25.7168
      vertex 125.651 -27.1 25.532
    endloop
  endfacet
  facet normal 0.981113 -0 0.193434
    outer loop
      vertex 125.315 -27.1 26.345
      vertex 125.358 -25.1 26.1269
      vertex 125.315 -25.1 26.345
    endloop
  endfacet
  facet normal 0.981113 0 0.193434
    outer loop
      vertex 125.358 -25.1 26.1269
      vertex 125.315 -27.1 26.345
      vertex 125.358 -27.1 26.1269
    endloop
  endfacet
  facet normal 0.442883 0 0.896579
    outer loop
      vertex 126.15 -25.1 25.0946
      vertex 126.349 -27.1 24.9963
      vertex 126.349 -25.1 24.9963
    endloop
  endfacet
  facet normal 0.442883 0 0.896579
    outer loop
      vertex 126.349 -27.1 24.9963
      vertex 126.15 -25.1 25.0946
      vertex 126.15 -27.1 25.0946
    endloop
  endfacet
  facet normal 0.555219 0 0.831704
    outer loop
      vertex 125.965 -25.1 25.2181
      vertex 126.15 -27.1 25.0946
      vertex 126.15 -25.1 25.0946
    endloop
  endfacet
  facet normal 0.555219 0 0.831704
    outer loop
      vertex 126.15 -27.1 25.0946
      vertex 125.965 -25.1 25.2181
      vertex 125.965 -27.1 25.2181
    endloop
  endfacet
  facet normal 0.065624 0 0.997844
    outer loop
      vertex 126.778 -25.1 24.8814
      vertex 127 -27.1 24.8668
      vertex 127 -25.1 24.8668
    endloop
  endfacet
  facet normal 0.065624 0 0.997844
    outer loop
      vertex 127 -27.1 24.8668
      vertex 126.778 -25.1 24.8814
      vertex 126.778 -27.1 24.8814
    endloop
  endfacet
  facet normal -0.997723 0 -0.0674441
    outer loop
      vertex 128.7 -27.1 26.5668
      vertex 128.685 -25.1 26.7887
      vertex 128.7 -25.1 26.5668
    endloop
  endfacet
  facet normal -0.997723 -0 -0.0674441
    outer loop
      vertex 128.685 -25.1 26.7887
      vertex 128.7 -27.1 26.5668
      vertex 128.685 -27.1 26.7887
    endloop
  endfacet
  facet normal -0.947598 0 -0.319466
    outer loop
      vertex 128.642 -27.1 27.0068
      vertex 128.571 -25.1 27.2174
      vertex 128.642 -25.1 27.0068
    endloop
  endfacet
  facet normal -0.947598 -0 -0.319466
    outer loop
      vertex 128.571 -25.1 27.2174
      vertex 128.642 -27.1 27.0068
      vertex 128.571 -27.1 27.2174
    endloop
  endfacet
  facet normal -0.981113 0 -0.193434
    outer loop
      vertex 128.685 -27.1 26.7887
      vertex 128.642 -25.1 27.0068
      vertex 128.685 -25.1 26.7887
    endloop
  endfacet
  facet normal -0.981113 -0 -0.193434
    outer loop
      vertex 128.642 -25.1 27.0068
      vertex 128.685 -27.1 26.7887
      vertex 128.642 -27.1 27.0068
    endloop
  endfacet
  facet normal 0.895681 0 -0.444696
    outer loop
      vertex 125.528 -27.1 27.4168
      vertex 125.429 -25.1 27.2174
      vertex 125.528 -25.1 27.4168
    endloop
  endfacet
  facet normal 0.895681 0 -0.444696
    outer loop
      vertex 125.429 -25.1 27.2174
      vertex 125.528 -27.1 27.4168
      vertex 125.429 -27.1 27.2174
    endloop
  endfacet
  facet normal -0.55553 0 -0.831497
    outer loop
      vertex 127.85 -27.1 28.0391
      vertex 128.035 -25.1 27.9155
      vertex 128.035 -27.1 27.9155
    endloop
  endfacet
  facet normal -0.55553 0 -0.831497
    outer loop
      vertex 128.035 -25.1 27.9155
      vertex 127.85 -27.1 28.0391
      vertex 127.85 -25.1 28.0391
    endloop
  endfacet
  facet normal 0.947598 0 -0.319466
    outer loop
      vertex 125.429 -27.1 27.2174
      vertex 125.358 -25.1 27.0068
      vertex 125.429 -25.1 27.2174
    endloop
  endfacet
  facet normal 0.947598 0 -0.319466
    outer loop
      vertex 125.358 -25.1 27.0068
      vertex 125.429 -27.1 27.2174
      vertex 125.358 -27.1 27.0068
    endloop
  endfacet
  facet normal -0.659714 0 -0.751516
    outer loop
      vertex 128.035 -27.1 27.9155
      vertex 128.202 -25.1 27.7689
      vertex 128.202 -27.1 27.7689
    endloop
  endfacet
  facet normal -0.659714 0 -0.751516
    outer loop
      vertex 128.202 -25.1 27.7689
      vertex 128.035 -27.1 27.9155
      vertex 128.035 -25.1 27.9155
    endloop
  endfacet
  facet normal -0.320937 0 -0.947101
    outer loop
      vertex 127.44 -27.1 28.2089
      vertex 127.651 -25.1 28.1374
      vertex 127.651 -27.1 28.1374
    endloop
  endfacet
  facet normal -0.320937 0 -0.947101
    outer loop
      vertex 127.651 -25.1 28.1374
      vertex 127.44 -27.1 28.2089
      vertex 127.44 -25.1 28.2089
    endloop
  endfacet
  facet normal -0.895681 0 -0.444696
    outer loop
      vertex 128.571 -27.1 27.2174
      vertex 128.472 -25.1 27.4168
      vertex 128.571 -25.1 27.2174
    endloop
  endfacet
  facet normal -0.895681 -0 -0.444696
    outer loop
      vertex 128.472 -25.1 27.4168
      vertex 128.571 -27.1 27.2174
      vertex 128.472 -27.1 27.4168
    endloop
  endfacet
  facet normal -0.832604 0 -0.553869
    outer loop
      vertex 128.472 -27.1 27.4168
      vertex 128.349 -25.1 27.6017
      vertex 128.472 -25.1 27.4168
    endloop
  endfacet
  facet normal -0.832604 -0 -0.553869
    outer loop
      vertex 128.349 -25.1 27.6017
      vertex 128.472 -27.1 27.4168
      vertex 128.349 -27.1 27.6017
    endloop
  endfacet
  facet normal 0.0651764 0 -0.997874
    outer loop
      vertex 126.778 -27.1 28.2523
      vertex 127 -25.1 28.2668
      vertex 127 -27.1 28.2668
    endloop
  endfacet
  facet normal 0.0651764 0 -0.997874
    outer loop
      vertex 127 -25.1 28.2668
      vertex 126.778 -27.1 28.2523
      vertex 126.778 -25.1 28.2523
    endloop
  endfacet
  facet normal 0.320937 0 -0.947101
    outer loop
      vertex 126.349 -27.1 28.1374
      vertex 126.56 -25.1 28.2089
      vertex 126.56 -27.1 28.2089
    endloop
  endfacet
  facet normal 0.320937 0 -0.947101
    outer loop
      vertex 126.56 -25.1 28.2089
      vertex 126.349 -27.1 28.1374
      vertex 126.349 -25.1 28.1374
    endloop
  endfacet
  facet normal 0.195251 0 -0.980753
    outer loop
      vertex 126.56 -27.1 28.2089
      vertex 126.778 -25.1 28.2523
      vertex 126.778 -27.1 28.2523
    endloop
  endfacet
  facet normal 0.195251 0 -0.980753
    outer loop
      vertex 126.778 -25.1 28.2523
      vertex 126.56 -27.1 28.2089
      vertex 126.56 -25.1 28.2089
    endloop
  endfacet
  facet normal 0.751016 0 -0.660284
    outer loop
      vertex 125.798 -27.1 27.7689
      vertex 125.651 -25.1 27.6017
      vertex 125.798 -25.1 27.7689
    endloop
  endfacet
  facet normal 0.751016 0 -0.660284
    outer loop
      vertex 125.651 -25.1 27.6017
      vertex 125.798 -27.1 27.7689
      vertex 125.651 -27.1 27.6017
    endloop
  endfacet
  facet normal 0.659714 0 -0.751516
    outer loop
      vertex 125.798 -27.1 27.7689
      vertex 125.965 -25.1 27.9155
      vertex 125.965 -27.1 27.9155
    endloop
  endfacet
  facet normal 0.659714 0 -0.751516
    outer loop
      vertex 125.965 -25.1 27.9155
      vertex 125.798 -27.1 27.7689
      vertex 125.798 -25.1 27.7689
    endloop
  endfacet
  facet normal 0.981113 0 -0.193434
    outer loop
      vertex 125.358 -27.1 27.0068
      vertex 125.315 -25.1 26.7887
      vertex 125.358 -25.1 27.0068
    endloop
  endfacet
  facet normal 0.981113 0 -0.193434
    outer loop
      vertex 125.315 -25.1 26.7887
      vertex 125.358 -27.1 27.0068
      vertex 125.315 -27.1 26.7887
    endloop
  endfacet
  facet normal 0.997723 0 -0.0674441
    outer loop
      vertex 125.315 -27.1 26.7887
      vertex 125.3 -25.1 26.5668
      vertex 125.315 -25.1 26.7887
    endloop
  endfacet
  facet normal 0.997723 0 -0.0674441
    outer loop
      vertex 125.3 -25.1 26.5668
      vertex 125.315 -27.1 26.7887
      vertex 125.3 -27.1 26.5668
    endloop
  endfacet
  facet normal -0.751016 0 -0.660284
    outer loop
      vertex 128.349 -27.1 27.6017
      vertex 128.202 -25.1 27.7689
      vertex 128.349 -25.1 27.6017
    endloop
  endfacet
  facet normal -0.751016 -0 -0.660284
    outer loop
      vertex 128.202 -25.1 27.7689
      vertex 128.349 -27.1 27.6017
      vertex 128.202 -27.1 27.7689
    endloop
  endfacet
  facet normal 0.832604 0 -0.553869
    outer loop
      vertex 125.651 -27.1 27.6017
      vertex 125.528 -25.1 27.4168
      vertex 125.651 -25.1 27.6017
    endloop
  endfacet
  facet normal 0.832604 0 -0.553869
    outer loop
      vertex 125.528 -25.1 27.4168
      vertex 125.651 -27.1 27.6017
      vertex 125.528 -27.1 27.4168
    endloop
  endfacet
  facet normal 0.442883 0 -0.896579
    outer loop
      vertex 126.15 -27.1 28.0391
      vertex 126.349 -25.1 28.1374
      vertex 126.349 -27.1 28.1374
    endloop
  endfacet
  facet normal 0.442883 0 -0.896579
    outer loop
      vertex 126.349 -25.1 28.1374
      vertex 126.15 -27.1 28.0391
      vertex 126.15 -25.1 28.0391
    endloop
  endfacet
  facet normal 0.55553 0 -0.831497
    outer loop
      vertex 125.965 -27.1 27.9155
      vertex 126.15 -25.1 28.0391
      vertex 126.15 -27.1 28.0391
    endloop
  endfacet
  facet normal 0.55553 0 -0.831497
    outer loop
      vertex 126.15 -25.1 28.0391
      vertex 125.965 -27.1 27.9155
      vertex 125.965 -25.1 27.9155
    endloop
  endfacet
  facet normal -1 0 0
    outer loop
      vertex 122.5 -74.9 6
      vertex 122.5 -72.9 31.0668
      vertex 122.5 -72.9 6
    endloop
  endfacet
  facet normal -1 -0 0
    outer loop
      vertex 122.5 -72.9 31.0668
      vertex 122.5 -74.9 6
      vertex 122.5 -74.9 31.0668
    endloop
  endfacet
  facet normal -0 0 1
    outer loop
      vertex 122.5 -72.9 31.0668
      vertex 131.5 -74.9 31.0668
      vertex 131.5 -72.9 31.0668
    endloop
  endfacet
  facet normal 0 0 1
    outer loop
      vertex 131.5 -74.9 31.0668
      vertex 122.5 -72.9 31.0668
      vertex 122.5 -74.9 31.0668
    endloop
  endfacet
  facet normal 1 -0 0
    outer loop
      vertex 131.5 -74.9 31.0668
      vertex 131.5 -72.9 6
      vertex 131.5 -72.9 31.0668
    endloop
  endfacet
  facet normal 1 0 0
    outer loop
      vertex 131.5 -72.9 6
      vertex 131.5 -74.9 31.0668
      vertex 131.5 -74.9 6
    endloop
  endfacet
  facet normal 0 1 0
    outer loop
      vertex 131.5 -72.9 31.0668
      vertex 127 -72.9 28.2668
      vertex 122.5 -72.9 31.0668
    endloop
  endfacet
  facet normal 0 1 0
    outer loop
      vertex 131.5 -72.9 31.0668
      vertex 127.222 -72.9 28.2523
      vertex 127 -72.9 28.2668
    endloop
  endfacet
  facet normal 0 1 0
    outer loop
      vertex 131.5 -72.9 31.0668
      vertex 127.44 -72.9 28.2089
      vertex 127.222 -72.9 28.2523
    endloop
  endfacet
  facet normal 0 1 0
    outer loop
      vertex 131.5 -72.9 31.0668
      vertex 127.651 -72.9 28.1374
      vertex 127.44 -72.9 28.2089
    endloop
  endfacet
  facet normal 0 1 0
    outer loop
      vertex 131.5 -72.9 31.0668
      vertex 127.85 -72.9 28.0391
      vertex 127.651 -72.9 28.1374
    endloop
  endfacet
  facet normal 0 1 0
    outer loop
      vertex 131.5 -72.9 31.0668
      vertex 128.035 -72.9 27.9155
      vertex 127.85 -72.9 28.0391
    endloop
  endfacet
  facet normal 0 1 0
    outer loop
      vertex 131.5 -72.9 31.0668
      vertex 128.202 -72.9 27.7689
      vertex 128.035 -72.9 27.9155
    endloop
  endfacet
  facet normal 0 1 0
    outer loop
      vertex 131.5 -72.9 31.0668
      vertex 128.349 -72.9 27.6017
      vertex 128.202 -72.9 27.7689
    endloop
  endfacet
  facet normal 0 1 0
    outer loop
      vertex 131.5 -72.9 31.0668
      vertex 128.472 -72.9 27.4168
      vertex 128.349 -72.9 27.6017
    endloop
  endfacet
  facet normal 0 1 0
    outer loop
      vertex 131.5 -72.9 31.0668
      vertex 128.571 -72.9 27.2174
      vertex 128.472 -72.9 27.4168
    endloop
  endfacet
  facet normal 0 1 0
    outer loop
      vertex 131.5 -72.9 31.0668
      vertex 128.642 -72.9 27.0068
      vertex 128.571 -72.9 27.2174
    endloop
  endfacet
  facet normal 0 1 0
    outer loop
      vertex 131.5 -72.9 31.0668
      vertex 128.685 -72.9 26.7887
      vertex 128.642 -72.9 27.0068
    endloop
  endfacet
  facet normal 0 1 0
    outer loop
      vertex 131.5 -72.9 31.0668
      vertex 128.7 -72.9 26.5668
      vertex 128.685 -72.9 26.7887
    endloop
  endfacet
  facet normal 0 1 0
    outer loop
      vertex 131.5 -72.9 31.0668
      vertex 128.685 -72.9 26.345
      vertex 128.7 -72.9 26.5668
    endloop
  endfacet
  facet normal 0 1 0
    outer loop
      vertex 131.5 -72.9 31.0668
      vertex 128.642 -72.9 26.1269
      vertex 128.685 -72.9 26.345
    endloop
  endfacet
  facet normal 0 1 0
    outer loop
      vertex 131.5 -72.9 31.0668
      vertex 128.571 -72.9 25.9163
      vertex 128.642 -72.9 26.1269
    endloop
  endfacet
  facet normal 0 1 -0
    outer loop
      vertex 131.5 -72.9 6
      vertex 128.571 -72.9 25.9163
      vertex 131.5 -72.9 31.0668
    endloop
  endfacet
  facet normal 0 1 0
    outer loop
      vertex 127.222 -72.9 24.8814
      vertex 131.5 -72.9 6
      vertex 127 -72.9 24.8668
    endloop
  endfacet
  facet normal 0 1 0
    outer loop
      vertex 127.44 -72.9 24.9248
      vertex 131.5 -72.9 6
      vertex 127.222 -72.9 24.8814
    endloop
  endfacet
  facet normal 0 1 0
    outer loop
      vertex 127.651 -72.9 24.9963
      vertex 131.5 -72.9 6
      vertex 127.44 -72.9 24.9248
    endloop
  endfacet
  facet normal 0 1 0
    outer loop
      vertex 127.85 -72.9 25.0946
      vertex 131.5 -72.9 6
      vertex 127.651 -72.9 24.9963
    endloop
  endfacet
  facet normal 0 1 0
    outer loop
      vertex 128.035 -72.9 25.2181
      vertex 131.5 -72.9 6
      vertex 127.85 -72.9 25.0946
    endloop
  endfacet
  facet normal 0 1 0
    outer loop
      vertex 128.202 -72.9 25.3648
      vertex 131.5 -72.9 6
      vertex 128.035 -72.9 25.2181
    endloop
  endfacet
  facet normal 0 1 0
    outer loop
      vertex 128.349 -72.9 25.532
      vertex 131.5 -72.9 6
      vertex 128.202 -72.9 25.3648
    endloop
  endfacet
  facet normal 0 1 0
    outer loop
      vertex 128.472 -72.9 25.7168
      vertex 131.5 -72.9 6
      vertex 128.349 -72.9 25.532
    endloop
  endfacet
  facet normal 0 1 0
    outer loop
      vertex 128.571 -72.9 25.9163
      vertex 131.5 -72.9 6
      vertex 128.472 -72.9 25.7168
    endloop
  endfacet
  facet normal 0 1 -0
    outer loop
      vertex 126.778 -72.9 28.2523
      vertex 122.5 -72.9 31.0668
      vertex 127 -72.9 28.2668
    endloop
  endfacet
  facet normal 0 1 -0
    outer loop
      vertex 126.56 -72.9 28.2089
      vertex 122.5 -72.9 31.0668
      vertex 126.778 -72.9 28.2523
    endloop
  endfacet
  facet normal 0 1 -0
    outer loop
      vertex 126.349 -72.9 28.1374
      vertex 122.5 -72.9 31.0668
      vertex 126.56 -72.9 28.2089
    endloop
  endfacet
  facet normal 0 1 -0
    outer loop
      vertex 126.15 -72.9 28.0391
      vertex 122.5 -72.9 31.0668
      vertex 126.349 -72.9 28.1374
    endloop
  endfacet
  facet normal 0 1 -0
    outer loop
      vertex 125.965 -72.9 27.9155
      vertex 122.5 -72.9 31.0668
      vertex 126.15 -72.9 28.0391
    endloop
  endfacet
  facet normal 0 1 -0
    outer loop
      vertex 125.798 -72.9 27.7689
      vertex 122.5 -72.9 31.0668
      vertex 125.965 -72.9 27.9155
    endloop
  endfacet
  facet normal 0 1 -0
    outer loop
      vertex 125.651 -72.9 27.6017
      vertex 122.5 -72.9 31.0668
      vertex 125.798 -72.9 27.7689
    endloop
  endfacet
  facet normal 0 1 -0
    outer loop
      vertex 125.528 -72.9 27.4168
      vertex 122.5 -72.9 31.0668
      vertex 125.651 -72.9 27.6017
    endloop
  endfacet
  facet normal 0 1 -0
    outer loop
      vertex 125.429 -72.9 27.2174
      vertex 122.5 -72.9 31.0668
      vertex 125.528 -72.9 27.4168
    endloop
  endfacet
  facet normal 0 1 -0
    outer loop
      vertex 125.358 -72.9 27.0068
      vertex 122.5 -72.9 31.0668
      vertex 125.429 -72.9 27.2174
    endloop
  endfacet
  facet normal 0 1 -0
    outer loop
      vertex 125.315 -72.9 26.7887
      vertex 122.5 -72.9 31.0668
      vertex 125.358 -72.9 27.0068
    endloop
  endfacet
  facet normal 0 1 -0
    outer loop
      vertex 125.3 -72.9 26.5668
      vertex 122.5 -72.9 31.0668
      vertex 125.315 -72.9 26.7887
    endloop
  endfacet
  facet normal 0 1 0
    outer loop
      vertex 125.315 -72.9 26.345
      vertex 122.5 -72.9 31.0668
      vertex 125.3 -72.9 26.5668
    endloop
  endfacet
  facet normal 0 1 0
    outer loop
      vertex 125.358 -72.9 26.1269
      vertex 122.5 -72.9 31.0668
      vertex 125.315 -72.9 26.345
    endloop
  endfacet
  facet normal 0 1 0
    outer loop
      vertex 125.429 -72.9 25.9163
      vertex 122.5 -72.9 31.0668
      vertex 125.358 -72.9 26.1269
    endloop
  endfacet
  facet normal 0 1 0
    outer loop
      vertex 122.5 -72.9 6
      vertex 125.429 -72.9 25.9163
      vertex 125.528 -72.9 25.7168
    endloop
  endfacet
  facet normal 0 1 0
    outer loop
      vertex 122.5 -72.9 6
      vertex 127 -72.9 24.8668
      vertex 131.5 -72.9 6
    endloop
  endfacet
  facet normal 0 1 0
    outer loop
      vertex 127 -72.9 24.8668
      vertex 122.5 -72.9 6
      vertex 126.778 -72.9 24.8814
    endloop
  endfacet
  facet normal 0 1 0
    outer loop
      vertex 126.778 -72.9 24.8814
      vertex 122.5 -72.9 6
      vertex 126.56 -72.9 24.9248
    endloop
  endfacet
  facet normal 0 1 0
    outer loop
      vertex 126.56 -72.9 24.9248
      vertex 122.5 -72.9 6
      vertex 126.349 -72.9 24.9963
    endloop
  endfacet
  facet normal 0 1 0
    outer loop
      vertex 126.349 -72.9 24.9963
      vertex 122.5 -72.9 6
      vertex 126.15 -72.9 25.0946
    endloop
  endfacet
  facet normal 0 1 0
    outer loop
      vertex 126.15 -72.9 25.0946
      vertex 122.5 -72.9 6
      vertex 125.965 -72.9 25.2181
    endloop
  endfacet
  facet normal 0 1 0
    outer loop
      vertex 125.965 -72.9 25.2181
      vertex 122.5 -72.9 6
      vertex 125.798 -72.9 25.3648
    endloop
  endfacet
  facet normal 0 1 0
    outer loop
      vertex 125.798 -72.9 25.3648
      vertex 122.5 -72.9 6
      vertex 125.651 -72.9 25.532
    endloop
  endfacet
  facet normal 0 1 0
    outer loop
      vertex 125.651 -72.9 25.532
      vertex 122.5 -72.9 6
      vertex 125.528 -72.9 25.7168
    endloop
  endfacet
  facet normal 0 1 0
    outer loop
      vertex 125.429 -72.9 25.9163
      vertex 122.5 -72.9 6
      vertex 122.5 -72.9 31.0668
    endloop
  endfacet
  facet normal 0 -1 0
    outer loop
      vertex 122.5 -74.9 31.0668
      vertex 127 -74.9 28.2668
      vertex 131.5 -74.9 31.0668
    endloop
  endfacet
  facet normal 0 -1 0
    outer loop
      vertex 122.5 -74.9 31.0668
      vertex 126.778 -74.9 28.2523
      vertex 127 -74.9 28.2668
    endloop
  endfacet
  facet normal 0 -1 0
    outer loop
      vertex 122.5 -74.9 31.0668
      vertex 126.56 -74.9 28.2089
      vertex 126.778 -74.9 28.2523
    endloop
  endfacet
  facet normal 0 -1 0
    outer loop
      vertex 122.5 -74.9 31.0668
      vertex 126.349 -74.9 28.1374
      vertex 126.56 -74.9 28.2089
    endloop
  endfacet
  facet normal 0 -1 0
    outer loop
      vertex 122.5 -74.9 31.0668
      vertex 126.15 -74.9 28.0391
      vertex 126.349 -74.9 28.1374
    endloop
  endfacet
  facet normal 0 -1 0
    outer loop
      vertex 122.5 -74.9 31.0668
      vertex 125.965 -74.9 27.9155
      vertex 126.15 -74.9 28.0391
    endloop
  endfacet
  facet normal 0 -1 0
    outer loop
      vertex 122.5 -74.9 31.0668
      vertex 125.798 -74.9 27.7689
      vertex 125.965 -74.9 27.9155
    endloop
  endfacet
  facet normal 0 -1 0
    outer loop
      vertex 122.5 -74.9 31.0668
      vertex 125.651 -74.9 27.6017
      vertex 125.798 -74.9 27.7689
    endloop
  endfacet
  facet normal 0 -1 0
    outer loop
      vertex 122.5 -74.9 31.0668
      vertex 125.528 -74.9 27.4168
      vertex 125.651 -74.9 27.6017
    endloop
  endfacet
  facet normal 0 -1 0
    outer loop
      vertex 122.5 -74.9 31.0668
      vertex 125.429 -74.9 27.2174
      vertex 125.528 -74.9 27.4168
    endloop
  endfacet
  facet normal 0 -1 0
    outer loop
      vertex 122.5 -74.9 31.0668
      vertex 125.358 -74.9 27.0068
      vertex 125.429 -74.9 27.2174
    endloop
  endfacet
  facet normal 0 -1 0
    outer loop
      vertex 122.5 -74.9 31.0668
      vertex 125.315 -74.9 26.7887
      vertex 125.358 -74.9 27.0068
    endloop
  endfacet
  facet normal 0 -1 0
    outer loop
      vertex 122.5 -74.9 31.0668
      vertex 125.3 -74.9 26.5668
      vertex 125.315 -74.9 26.7887
    endloop
  endfacet
  facet normal 0 -1 0
    outer loop
      vertex 122.5 -74.9 31.0668
      vertex 125.315 -74.9 26.345
      vertex 125.3 -74.9 26.5668
    endloop
  endfacet
  facet normal 0 -1 0
    outer loop
      vertex 122.5 -74.9 31.0668
      vertex 125.358 -74.9 26.1269
      vertex 125.315 -74.9 26.345
    endloop
  endfacet
  facet normal 0 -1 0
    outer loop
      vertex 122.5 -74.9 31.0668
      vertex 125.429 -74.9 25.9163
      vertex 125.358 -74.9 26.1269
    endloop
  endfacet
  facet normal 0 -1 0
    outer loop
      vertex 122.5 -74.9 6
      vertex 125.429 -74.9 25.9163
      vertex 122.5 -74.9 31.0668
    endloop
  endfacet
  facet normal 0 -1 -0
    outer loop
      vertex 126.778 -74.9 24.8814
      vertex 122.5 -74.9 6
      vertex 127 -74.9 24.8668
    endloop
  endfacet
  facet normal 0 -1 -0
    outer loop
      vertex 126.56 -74.9 24.9248
      vertex 122.5 -74.9 6
      vertex 126.778 -74.9 24.8814
    endloop
  endfacet
  facet normal 0 -1 -0
    outer loop
      vertex 126.349 -74.9 24.9963
      vertex 122.5 -74.9 6
      vertex 126.56 -74.9 24.9248
    endloop
  endfacet
  facet normal 0 -1 -0
    outer loop
      vertex 126.15 -74.9 25.0946
      vertex 122.5 -74.9 6
      vertex 126.349 -74.9 24.9963
    endloop
  endfacet
  facet normal 0 -1 -0
    outer loop
      vertex 125.965 -74.9 25.2181
      vertex 122.5 -74.9 6
      vertex 126.15 -74.9 25.0946
    endloop
  endfacet
  facet normal 0 -1 -0
    outer loop
      vertex 125.798 -74.9 25.3648
      vertex 122.5 -74.9 6
      vertex 125.965 -74.9 25.2181
    endloop
  endfacet
  facet normal 0 -1 -0
    outer loop
      vertex 125.651 -74.9 25.532
      vertex 122.5 -74.9 6
      vertex 125.798 -74.9 25.3648
    endloop
  endfacet
  facet normal 0 -1 -0
    outer loop
      vertex 125.528 -74.9 25.7168
      vertex 122.5 -74.9 6
      vertex 125.651 -74.9 25.532
    endloop
  endfacet
  facet normal 0 -1 -0
    outer loop
      vertex 125.429 -74.9 25.9163
      vertex 122.5 -74.9 6
      vertex 125.528 -74.9 25.7168
    endloop
  endfacet
  facet normal 0 -1 0
    outer loop
      vertex 127.222 -74.9 28.2523
      vertex 131.5 -74.9 31.0668
      vertex 127 -74.9 28.2668
    endloop
  endfacet
  facet normal 0 -1 0
    outer loop
      vertex 127.44 -74.9 28.2089
      vertex 131.5 -74.9 31.0668
      vertex 127.222 -74.9 28.2523
    endloop
  endfacet
  facet normal 0 -1 0
    outer loop
      vertex 127.651 -74.9 28.1374
      vertex 131.5 -74.9 31.0668
      vertex 127.44 -74.9 28.2089
    endloop
  endfacet
  facet normal 0 -1 0
    outer loop
      vertex 127.85 -74.9 28.0391
      vertex 131.5 -74.9 31.0668
      vertex 127.651 -74.9 28.1374
    endloop
  endfacet
  facet normal 0 -1 0
    outer loop
      vertex 128.035 -74.9 27.9155
      vertex 131.5 -74.9 31.0668
      vertex 127.85 -74.9 28.0391
    endloop
  endfacet
  facet normal 0 -1 0
    outer loop
      vertex 128.202 -74.9 27.7689
      vertex 131.5 -74.9 31.0668
      vertex 128.035 -74.9 27.9155
    endloop
  endfacet
  facet normal 0 -1 0
    outer loop
      vertex 128.349 -74.9 27.6017
      vertex 131.5 -74.9 31.0668
      vertex 128.202 -74.9 27.7689
    endloop
  endfacet
  facet normal 0 -1 0
    outer loop
      vertex 128.472 -74.9 27.4168
      vertex 131.5 -74.9 31.0668
      vertex 128.349 -74.9 27.6017
    endloop
  endfacet
  facet normal 0 -1 0
    outer loop
      vertex 128.571 -74.9 27.2174
      vertex 131.5 -74.9 31.0668
      vertex 128.472 -74.9 27.4168
    endloop
  endfacet
  facet normal 0 -1 0
    outer loop
      vertex 128.642 -74.9 27.0068
      vertex 131.5 -74.9 31.0668
      vertex 128.571 -74.9 27.2174
    endloop
  endfacet
  facet normal 0 -1 0
    outer loop
      vertex 128.685 -74.9 26.7887
      vertex 131.5 -74.9 31.0668
      vertex 128.642 -74.9 27.0068
    endloop
  endfacet
  facet normal 0 -1 0
    outer loop
      vertex 128.7 -74.9 26.5668
      vertex 131.5 -74.9 31.0668
      vertex 128.685 -74.9 26.7887
    endloop
  endfacet
  facet normal 0 -1 0
    outer loop
      vertex 128.685 -74.9 26.345
      vertex 131.5 -74.9 31.0668
      vertex 128.7 -74.9 26.5668
    endloop
  endfacet
  facet normal 0 -1 0
    outer loop
      vertex 128.642 -74.9 26.1269
      vertex 131.5 -74.9 31.0668
      vertex 128.685 -74.9 26.345
    endloop
  endfacet
  facet normal 0 -1 0
    outer loop
      vertex 128.571 -74.9 25.9163
      vertex 131.5 -74.9 31.0668
      vertex 128.642 -74.9 26.1269
    endloop
  endfacet
  facet normal 0 -1 0
    outer loop
      vertex 131.5 -74.9 6
      vertex 128.571 -74.9 25.9163
      vertex 128.472 -74.9 25.7168
    endloop
  endfacet
  facet normal 0 -1 0
    outer loop
      vertex 131.5 -74.9 6
      vertex 127 -74.9 24.8668
      vertex 122.5 -74.9 6
    endloop
  endfacet
  facet normal 0 -1 0
    outer loop
      vertex 127 -74.9 24.8668
      vertex 131.5 -74.9 6
      vertex 127.222 -74.9 24.8814
    endloop
  endfacet
  facet normal 0 -1 0
    outer loop
      vertex 127.222 -74.9 24.8814
      vertex 131.5 -74.9 6
      vertex 127.44 -74.9 24.9248
    endloop
  endfacet
  facet normal 0 -1 0
    outer loop
      vertex 127.44 -74.9 24.9248
      vertex 131.5 -74.9 6
      vertex 127.651 -74.9 24.9963
    endloop
  endfacet
  facet normal 0 -1 0
    outer loop
      vertex 127.651 -74.9 24.9963
      vertex 131.5 -74.9 6
      vertex 127.85 -74.9 25.0946
    endloop
  endfacet
  facet normal 0 -1 0
    outer loop
      vertex 127.85 -74.9 25.0946
      vertex 131.5 -74.9 6
      vertex 128.035 -74.9 25.2181
    endloop
  endfacet
  facet normal 0 -1 0
    outer loop
      vertex 128.035 -74.9 25.2181
      vertex 131.5 -74.9 6
      vertex 128.202 -74.9 25.3648
    endloop
  endfacet
  facet normal 0 -1 0
    outer loop
      vertex 128.202 -74.9 25.3648
      vertex 131.5 -74.9 6
      vertex 128.349 -74.9 25.532
    endloop
  endfacet
  facet normal 0 -1 0
    outer loop
      vertex 128.349 -74.9 25.532
      vertex 131.5 -74.9 6
      vertex 128.472 -74.9 25.7168
    endloop
  endfacet
  facet normal 0 -1 0
    outer loop
      vertex 128.571 -74.9 25.9163
      vertex 131.5 -74.9 6
      vertex 131.5 -74.9 31.0668
    endloop
  endfacet
  facet normal -0.832466 0 0.554076
    outer loop
      vertex 128.349 -74.9 25.532
      vertex 128.472 -72.9 25.7168
      vertex 128.349 -72.9 25.532
    endloop
  endfacet
  facet normal -0.832466 0 0.554076
    outer loop
      vertex 128.472 -72.9 25.7168
      vertex 128.349 -74.9 25.532
      vertex 128.472 -74.9 25.7168
    endloop
  endfacet
  facet normal -0.195251 0 0.980753
    outer loop
      vertex 127.222 -72.9 24.8814
      vertex 127.44 -74.9 24.9248
      vertex 127.44 -72.9 24.9248
    endloop
  endfacet
  facet normal -0.195251 0 0.980753
    outer loop
      vertex 127.44 -74.9 24.9248
      vertex 127.222 -72.9 24.8814
      vertex 127.222 -74.9 24.8814
    endloop
  endfacet
  facet normal -0.320937 0 0.947101
    outer loop
      vertex 127.44 -72.9 24.9248
      vertex 127.651 -74.9 24.9963
      vertex 127.651 -72.9 24.9963
    endloop
  endfacet
  facet normal -0.320937 0 0.947101
    outer loop
      vertex 127.651 -74.9 24.9963
      vertex 127.44 -72.9 24.9248
      vertex 127.44 -74.9 24.9248
    endloop
  endfacet
  facet normal 0.320937 0 0.947101
    outer loop
      vertex 126.349 -72.9 24.9963
      vertex 126.56 -74.9 24.9248
      vertex 126.56 -72.9 24.9248
    endloop
  endfacet
  facet normal 0.320937 0 0.947101
    outer loop
      vertex 126.56 -74.9 24.9248
      vertex 126.349 -72.9 24.9963
      vertex 126.349 -74.9 24.9963
    endloop
  endfacet
  facet normal 0.89577 -0 0.444518
    outer loop
      vertex 125.429 -74.9 25.9163
      vertex 125.528 -72.9 25.7168
      vertex 125.429 -72.9 25.9163
    endloop
  endfacet
  facet normal 0.89577 0 0.444518
    outer loop
      vertex 125.528 -72.9 25.7168
      vertex 125.429 -74.9 25.9163
      vertex 125.528 -74.9 25.7168
    endloop
  endfacet
  facet normal -0.981113 0 -0.193434
    outer loop
      vertex 128.685 -74.9 26.7887
      vertex 128.642 -72.9 27.0068
      vertex 128.685 -72.9 26.7887
    endloop
  endfacet
  facet normal -0.981113 -0 -0.193434
    outer loop
      vertex 128.642 -72.9 27.0068
      vertex 128.685 -74.9 26.7887
      vertex 128.642 -74.9 27.0068
    endloop
  endfacet
  facet normal -0.981113 0 0.193434
    outer loop
      vertex 128.642 -74.9 26.1269
      vertex 128.685 -72.9 26.345
      vertex 128.642 -72.9 26.1269
    endloop
  endfacet
  facet normal -0.981113 0 0.193434
    outer loop
      vertex 128.685 -72.9 26.345
      vertex 128.642 -74.9 26.1269
      vertex 128.685 -74.9 26.345
    endloop
  endfacet
  facet normal -0.065624 0 0.997844
    outer loop
      vertex 127 -72.9 24.8668
      vertex 127.222 -74.9 24.8814
      vertex 127.222 -72.9 24.8814
    endloop
  endfacet
  facet normal -0.065624 0 0.997844
    outer loop
      vertex 127.222 -74.9 24.8814
      vertex 127 -72.9 24.8668
      vertex 127 -74.9 24.8668
    endloop
  endfacet
  facet normal -0.442883 0 0.896579
    outer loop
      vertex 127.651 -72.9 24.9963
      vertex 127.85 -74.9 25.0946
      vertex 127.85 -72.9 25.0946
    endloop
  endfacet
  facet normal -0.442883 0 0.896579
    outer loop
      vertex 127.85 -74.9 25.0946
      vertex 127.651 -72.9 24.9963
      vertex 127.651 -74.9 24.9963
    endloop
  endfacet
  facet normal 0.981113 -0 0.193434
    outer loop
      vertex 125.315 -74.9 26.345
      vertex 125.358 -72.9 26.1269
      vertex 125.315 -72.9 26.345
    endloop
  endfacet
  facet normal 0.981113 0 0.193434
    outer loop
      vertex 125.358 -72.9 26.1269
      vertex 125.315 -74.9 26.345
      vertex 125.358 -74.9 26.1269
    endloop
  endfacet
  facet normal 0.751016 -0 0.660284
    outer loop
      vertex 125.651 -74.9 25.532
      vertex 125.798 -72.9 25.3648
      vertex 125.651 -72.9 25.532
    endloop
  endfacet
  facet normal 0.751016 0 0.660284
    outer loop
      vertex 125.798 -72.9 25.3648
      vertex 125.651 -74.9 25.532
      vertex 125.798 -74.9 25.3648
    endloop
  endfacet
  facet normal 0.195251 0 0.980753
    outer loop
      vertex 126.56 -72.9 24.9248
      vertex 126.778 -74.9 24.8814
      vertex 126.778 -72.9 24.8814
    endloop
  endfacet
  facet normal 0.195251 0 0.980753
    outer loop
      vertex 126.778 -74.9 24.8814
      vertex 126.56 -72.9 24.9248
      vertex 126.56 -74.9 24.9248
    endloop
  endfacet
  facet normal 0.659968 0 0.751293
    outer loop
      vertex 125.798 -72.9 25.3648
      vertex 125.965 -74.9 25.2181
      vertex 125.965 -72.9 25.2181
    endloop
  endfacet
  facet normal 0.659968 0 0.751293
    outer loop
      vertex 125.965 -74.9 25.2181
      vertex 125.798 -72.9 25.3648
      vertex 125.798 -74.9 25.3648
    endloop
  endfacet
  facet normal -0.997721 0 0.0674744
    outer loop
      vertex 128.685 -74.9 26.345
      vertex 128.7 -72.9 26.5668
      vertex 128.685 -72.9 26.345
    endloop
  endfacet
  facet normal -0.997721 0 0.0674744
    outer loop
      vertex 128.7 -72.9 26.5668
      vertex 128.685 -74.9 26.345
      vertex 128.7 -74.9 26.5668
    endloop
  endfacet
  facet normal -0.947598 0 -0.319466
    outer loop
      vertex 128.642 -74.9 27.0068
      vertex 128.571 -72.9 27.2174
      vertex 128.642 -72.9 27.0068
    endloop
  endfacet
  facet normal -0.947598 -0 -0.319466
    outer loop
      vertex 128.571 -72.9 27.2174
      vertex 128.642 -74.9 27.0068
      vertex 128.571 -74.9 27.2174
    endloop
  endfacet
  facet normal -0.55553 0 -0.831497
    outer loop
      vertex 127.85 -74.9 28.0391
      vertex 128.035 -72.9 27.9155
      vertex 128.035 -74.9 27.9155
    endloop
  endfacet
  facet normal -0.55553 0 -0.831497
    outer loop
      vertex 128.035 -72.9 27.9155
      vertex 127.85 -74.9 28.0391
      vertex 127.85 -72.9 28.0391
    endloop
  endfacet
  facet normal -0.659968 0 0.751293
    outer loop
      vertex 128.035 -72.9 25.2181
      vertex 128.202 -74.9 25.3648
      vertex 128.202 -72.9 25.3648
    endloop
  endfacet
  facet normal -0.659968 0 0.751293
    outer loop
      vertex 128.202 -74.9 25.3648
      vertex 128.035 -72.9 25.2181
      vertex 128.035 -74.9 25.2181
    endloop
  endfacet
  facet normal -0.751016 0 0.660284
    outer loop
      vertex 128.202 -74.9 25.3648
      vertex 128.349 -72.9 25.532
      vertex 128.202 -72.9 25.3648
    endloop
  endfacet
  facet normal -0.751016 0 0.660284
    outer loop
      vertex 128.349 -72.9 25.532
      vertex 128.202 -74.9 25.3648
      vertex 128.349 -74.9 25.532
    endloop
  endfacet
  facet normal -0.555219 0 0.831704
    outer loop
      vertex 127.85 -72.9 25.0946
      vertex 128.035 -74.9 25.2181
      vertex 128.035 -72.9 25.2181
    endloop
  endfacet
  facet normal -0.555219 0 0.831704
    outer loop
      vertex 128.035 -74.9 25.2181
      vertex 127.85 -72.9 25.0946
      vertex 127.85 -74.9 25.0946
    endloop
  endfacet
  facet normal 0.997721 -0 0.0674744
    outer loop
      vertex 125.3 -74.9 26.5668
      vertex 125.315 -72.9 26.345
      vertex 125.3 -72.9 26.5668
    endloop
  endfacet
  facet normal 0.997721 0 0.0674744
    outer loop
      vertex 125.315 -72.9 26.345
      vertex 125.3 -74.9 26.5668
      vertex 125.315 -74.9 26.345
    endloop
  endfacet
  facet normal 0.947598 -0 0.319466
    outer loop
      vertex 125.358 -74.9 26.1269
      vertex 125.429 -72.9 25.9163
      vertex 125.358 -72.9 26.1269
    endloop
  endfacet
  facet normal 0.947598 0 0.319466
    outer loop
      vertex 125.429 -72.9 25.9163
      vertex 125.358 -74.9 26.1269
      vertex 125.429 -74.9 25.9163
    endloop
  endfacet
  facet normal 0.832466 -0 0.554076
    outer loop
      vertex 125.528 -74.9 25.7168
      vertex 125.651 -72.9 25.532
      vertex 125.528 -72.9 25.7168
    endloop
  endfacet
  facet normal 0.832466 0 0.554076
    outer loop
      vertex 125.651 -72.9 25.532
      vertex 125.528 -74.9 25.7168
      vertex 125.651 -74.9 25.532
    endloop
  endfacet
  facet normal 0.065624 0 0.997844
    outer loop
      vertex 126.778 -72.9 24.8814
      vertex 127 -74.9 24.8668
      vertex 127 -72.9 24.8668
    endloop
  endfacet
  facet normal 0.065624 0 0.997844
    outer loop
      vertex 127 -74.9 24.8668
      vertex 126.778 -72.9 24.8814
      vertex 126.778 -74.9 24.8814
    endloop
  endfacet
  facet normal 0.555219 0 0.831704
    outer loop
      vertex 125.965 -72.9 25.2181
      vertex 126.15 -74.9 25.0946
      vertex 126.15 -72.9 25.0946
    endloop
  endfacet
  facet normal 0.555219 0 0.831704
    outer loop
      vertex 126.15 -74.9 25.0946
      vertex 125.965 -72.9 25.2181
      vertex 125.965 -74.9 25.2181
    endloop
  endfacet
  facet normal 0.442883 0 0.896579
    outer loop
      vertex 126.15 -72.9 25.0946
      vertex 126.349 -74.9 24.9963
      vertex 126.349 -72.9 24.9963
    endloop
  endfacet
  facet normal 0.442883 0 0.896579
    outer loop
      vertex 126.349 -74.9 24.9963
      vertex 126.15 -72.9 25.0946
      vertex 126.15 -74.9 25.0946
    endloop
  endfacet
  facet normal -0.0651764 0 -0.997874
    outer loop
      vertex 127 -74.9 28.2668
      vertex 127.222 -72.9 28.2523
      vertex 127.222 -74.9 28.2523
    endloop
  endfacet
  facet normal -0.0651764 0 -0.997874
    outer loop
      vertex 127.222 -72.9 28.2523
      vertex 127 -74.9 28.2668
      vertex 127 -72.9 28.2668
    endloop
  endfacet
  facet normal 0.947598 0 -0.319466
    outer loop
      vertex 125.429 -74.9 27.2174
      vertex 125.358 -72.9 27.0068
      vertex 125.429 -72.9 27.2174
    endloop
  endfacet
  facet normal 0.947598 0 -0.319466
    outer loop
      vertex 125.358 -72.9 27.0068
      vertex 125.429 -74.9 27.2174
      vertex 125.358 -74.9 27.0068
    endloop
  endfacet
  facet normal 0.895681 0 -0.444696
    outer loop
      vertex 125.528 -74.9 27.4168
      vertex 125.429 -72.9 27.2174
      vertex 125.528 -72.9 27.4168
    endloop
  endfacet
  facet normal 0.895681 0 -0.444696
    outer loop
      vertex 125.429 -72.9 27.2174
      vertex 125.528 -74.9 27.4168
      vertex 125.429 -74.9 27.2174
    endloop
  endfacet
  facet normal -0.195251 0 -0.980753
    outer loop
      vertex 127.222 -74.9 28.2523
      vertex 127.44 -72.9 28.2089
      vertex 127.44 -74.9 28.2089
    endloop
  endfacet
  facet normal -0.195251 0 -0.980753
    outer loop
      vertex 127.44 -72.9 28.2089
      vertex 127.222 -74.9 28.2523
      vertex 127.222 -72.9 28.2523
    endloop
  endfacet
  facet normal -0.89577 0 0.444518
    outer loop
      vertex 128.472 -74.9 25.7168
      vertex 128.571 -72.9 25.9163
      vertex 128.472 -72.9 25.7168
    endloop
  endfacet
  facet normal -0.89577 0 0.444518
    outer loop
      vertex 128.571 -72.9 25.9163
      vertex 128.472 -74.9 25.7168
      vertex 128.571 -74.9 25.9163
    endloop
  endfacet
  facet normal -0.947598 0 0.319466
    outer loop
      vertex 128.571 -74.9 25.9163
      vertex 128.642 -72.9 26.1269
      vertex 128.571 -72.9 25.9163
    endloop
  endfacet
  facet normal -0.947598 0 0.319466
    outer loop
      vertex 128.642 -72.9 26.1269
      vertex 128.571 -74.9 25.9163
      vertex 128.642 -74.9 26.1269
    endloop
  endfacet
  facet normal -0.997723 0 -0.0674441
    outer loop
      vertex 128.7 -74.9 26.5668
      vertex 128.685 -72.9 26.7887
      vertex 128.7 -72.9 26.5668
    endloop
  endfacet
  facet normal -0.997723 -0 -0.0674441
    outer loop
      vertex 128.685 -72.9 26.7887
      vertex 128.7 -74.9 26.5668
      vertex 128.685 -74.9 26.7887
    endloop
  endfacet
  facet normal 0.195251 0 -0.980753
    outer loop
      vertex 126.56 -74.9 28.2089
      vertex 126.778 -72.9 28.2523
      vertex 126.778 -74.9 28.2523
    endloop
  endfacet
  facet normal 0.195251 0 -0.980753
    outer loop
      vertex 126.778 -72.9 28.2523
      vertex 126.56 -74.9 28.2089
      vertex 126.56 -72.9 28.2089
    endloop
  endfacet
  facet normal -0.442883 0 -0.896579
    outer loop
      vertex 127.651 -74.9 28.1374
      vertex 127.85 -72.9 28.0391
      vertex 127.85 -74.9 28.0391
    endloop
  endfacet
  facet normal -0.442883 0 -0.896579
    outer loop
      vertex 127.85 -72.9 28.0391
      vertex 127.651 -74.9 28.1374
      vertex 127.651 -72.9 28.1374
    endloop
  endfacet
  facet normal -0.320937 0 -0.947101
    outer loop
      vertex 127.44 -74.9 28.2089
      vertex 127.651 -72.9 28.1374
      vertex 127.651 -74.9 28.1374
    endloop
  endfacet
  facet normal -0.320937 0 -0.947101
    outer loop
      vertex 127.651 -72.9 28.1374
      vertex 127.44 -74.9 28.2089
      vertex 127.44 -72.9 28.2089
    endloop
  endfacet
  facet normal -0.659714 0 -0.751516
    outer loop
      vertex 128.035 -74.9 27.9155
      vertex 128.202 -72.9 27.7689
      vertex 128.202 -74.9 27.7689
    endloop
  endfacet
  facet normal -0.659714 0 -0.751516
    outer loop
      vertex 128.202 -72.9 27.7689
      vertex 128.035 -74.9 27.9155
      vertex 128.035 -72.9 27.9155
    endloop
  endfacet
  facet normal -0.895681 0 -0.444696
    outer loop
      vertex 128.571 -74.9 27.2174
      vertex 128.472 -72.9 27.4168
      vertex 128.571 -72.9 27.2174
    endloop
  endfacet
  facet normal -0.895681 -0 -0.444696
    outer loop
      vertex 128.472 -72.9 27.4168
      vertex 128.571 -74.9 27.2174
      vertex 128.472 -74.9 27.4168
    endloop
  endfacet
  facet normal -0.832604 0 -0.553869
    outer loop
      vertex 128.472 -74.9 27.4168
      vertex 128.349 -72.9 27.6017
      vertex 128.472 -72.9 27.4168
    endloop
  endfacet
  facet normal -0.832604 -0 -0.553869
    outer loop
      vertex 128.349 -72.9 27.6017
      vertex 128.472 -74.9 27.4168
      vertex 128.349 -74.9 27.6017
    endloop
  endfacet
  facet normal 0.320937 0 -0.947101
    outer loop
      vertex 126.349 -74.9 28.1374
      vertex 126.56 -72.9 28.2089
      vertex 126.56 -74.9 28.2089
    endloop
  endfacet
  facet normal 0.320937 0 -0.947101
    outer loop
      vertex 126.56 -72.9 28.2089
      vertex 126.349 -74.9 28.1374
      vertex 126.349 -72.9 28.1374
    endloop
  endfacet
  facet normal 0.0651764 0 -0.997874
    outer loop
      vertex 126.778 -74.9 28.2523
      vertex 127 -72.9 28.2668
      vertex 127 -74.9 28.2668
    endloop
  endfacet
  facet normal 0.0651764 0 -0.997874
    outer loop
      vertex 127 -72.9 28.2668
      vertex 126.778 -74.9 28.2523
      vertex 126.778 -72.9 28.2523
    endloop
  endfacet
  facet normal 0.751016 0 -0.660284
    outer loop
      vertex 125.798 -74.9 27.7689
      vertex 125.651 -72.9 27.6017
      vertex 125.798 -72.9 27.7689
    endloop
  endfacet
  facet normal 0.751016 0 -0.660284
    outer loop
      vertex 125.651 -72.9 27.6017
      vertex 125.798 -74.9 27.7689
      vertex 125.651 -74.9 27.6017
    endloop
  endfacet
  facet normal 0.659714 0 -0.751516
    outer loop
      vertex 125.798 -74.9 27.7689
      vertex 125.965 -72.9 27.9155
      vertex 125.965 -74.9 27.9155
    endloop
  endfacet
  facet normal 0.659714 0 -0.751516
    outer loop
      vertex 125.965 -72.9 27.9155
      vertex 125.798 -74.9 27.7689
      vertex 125.798 -72.9 27.7689
    endloop
  endfacet
  facet normal 0.981113 0 -0.193434
    outer loop
      vertex 125.358 -74.9 27.0068
      vertex 125.315 -72.9 26.7887
      vertex 125.358 -72.9 27.0068
    endloop
  endfacet
  facet normal 0.981113 0 -0.193434
    outer loop
      vertex 125.315 -72.9 26.7887
      vertex 125.358 -74.9 27.0068
      vertex 125.315 -74.9 26.7887
    endloop
  endfacet
  facet normal 0.997723 0 -0.0674441
    outer loop
      vertex 125.315 -74.9 26.7887
      vertex 125.3 -72.9 26.5668
      vertex 125.315 -72.9 26.7887
    endloop
  endfacet
  facet normal 0.997723 0 -0.0674441
    outer loop
      vertex 125.3 -72.9 26.5668
      vertex 125.315 -74.9 26.7887
      vertex 125.3 -74.9 26.5668
    endloop
  endfacet
  facet normal -0.751016 0 -0.660284
    outer loop
      vertex 128.349 -74.9 27.6017
      vertex 128.202 -72.9 27.7689
      vertex 128.349 -72.9 27.6017
    endloop
  endfacet
  facet normal -0.751016 -0 -0.660284
    outer loop
      vertex 128.202 -72.9 27.7689
      vertex 128.349 -74.9 27.6017
      vertex 128.202 -74.9 27.7689
    endloop
  endfacet
  facet normal 0.832604 0 -0.553869
    outer loop
      vertex 125.651 -74.9 27.6017
      vertex 125.528 -72.9 27.4168
      vertex 125.651 -72.9 27.6017
    endloop
  endfacet
  facet normal 0.832604 0 -0.553869
    outer loop
      vertex 125.528 -72.9 27.4168
      vertex 125.651 -74.9 27.6017
      vertex 125.528 -74.9 27.4168
    endloop
  endfacet
  facet normal 0.442883 0 -0.896579
    outer loop
      vertex 126.15 -74.9 28.0391
      vertex 126.349 -72.9 28.1374
      vertex 126.349 -74.9 28.1374
    endloop
  endfacet
  facet normal 0.442883 0 -0.896579
    outer loop
      vertex 126.349 -72.9 28.1374
      vertex 126.15 -74.9 28.0391
      vertex 126.15 -72.9 28.0391
    endloop
  endfacet
  facet normal 0.55553 0 -0.831497
    outer loop
      vertex 125.965 -74.9 27.9155
      vertex 126.15 -72.9 28.0391
      vertex 126.15 -74.9 28.0391
    endloop
  endfacet
  facet normal 0.55553 0 -0.831497
    outer loop
      vertex 126.15 -72.9 28.0391
      vertex 125.965 -74.9 27.9155
      vertex 125.965 -72.9 27.9155
    endloop
  endfacet
  facet normal -1 0 0
    outer loop
      vertex 22.5 -60 6
      vertex 22.5 -40 23.5
      vertex 22.5 -40 6
    endloop
  endfacet
  facet normal -1 -0 0
    outer loop
      vertex 22.5 -40 23.5
      vertex 22.5 -60 6
      vertex 22.5 -60 23.5
    endloop
  endfacet
  facet normal -0 0 1
    outer loop
      vertex 22.5 -40 23.5
      vertex 26.5 -60 23.5
      vertex 26.5 -40 23.5
    endloop
  endfacet
  facet normal 0 0 1
    outer loop
      vertex 26.5 -60 23.5
      vertex 22.5 -40 23.5
      vertex 22.5 -60 23.5
    endloop
  endfacet
  facet normal 1 -0 0
    outer loop
      vertex 26.5 -60 23.5
      vertex 26.5 -40 10.5
      vertex 26.5 -40 23.5
    endloop
  endfacet
  facet normal 1 0 0
    outer loop
      vertex 26.5 -40 10.5
      vertex 26.5 -60 23.5
      vertex 26.5 -60 10.5
    endloop
  endfacet
  facet normal 0 1 0
    outer loop
      vertex 47.5 -40 23.5
      vertex 43.5 -40 10.5
      vertex 43.5 -40 23.5
    endloop
  endfacet
  facet normal 0 1 0
    outer loop
      vertex 43.5 -40 10.5
      vertex 47.5 -40 6
      vertex 26.5 -40 10.5
    endloop
  endfacet
  facet normal 0 1 -0
    outer loop
      vertex 47.5 -40 6
      vertex 43.5 -40 10.5
      vertex 47.5 -40 23.5
    endloop
  endfacet
  facet normal 0 1 -0
    outer loop
      vertex 26.5 -40 10.5
      vertex 22.5 -40 23.5
      vertex 26.5 -40 23.5
    endloop
  endfacet
  facet normal 0 1 0
    outer loop
      vertex 26.5 -40 10.5
      vertex 22.5 -40 6
      vertex 22.5 -40 23.5
    endloop
  endfacet
  facet normal 0 1 0
    outer loop
      vertex 22.5 -40 6
      vertex 26.5 -40 10.5
      vertex 47.5 -40 6
    endloop
  endfacet
  facet normal 0 -1 0
    outer loop
      vertex 22.5 -60 23.5
      vertex 26.5 -60 10.5
      vertex 26.5 -60 23.5
    endloop
  endfacet
  facet normal 0 -1 -0
    outer loop
      vertex 26.5 -60 10.5
      vertex 22.5 -60 6
      vertex 43.5 -60 10.5
    endloop
  endfacet
  facet normal 0 -1 0
    outer loop
      vertex 22.5 -60 6
      vertex 26.5 -60 10.5
      vertex 22.5 -60 23.5
    endloop
  endfacet
  facet normal 0 -1 0
    outer loop
      vertex 43.5 -60 10.5
      vertex 47.5 -60 23.5
      vertex 43.5 -60 23.5
    endloop
  endfacet
  facet normal 0 -1 0
    outer loop
      vertex 43.5 -60 10.5
      vertex 47.5 -60 6
      vertex 47.5 -60 23.5
    endloop
  endfacet
  facet normal 0 -1 0
    outer loop
      vertex 47.5 -60 6
      vertex 43.5 -60 10.5
      vertex 22.5 -60 6
    endloop
  endfacet
  facet normal -1 0 0
    outer loop
      vertex 43.5 -60 10.5
      vertex 43.5 -40 23.5
      vertex 43.5 -40 10.5
    endloop
  endfacet
  facet normal -1 -0 0
    outer loop
      vertex 43.5 -40 23.5
      vertex 43.5 -60 10.5
      vertex 43.5 -60 23.5
    endloop
  endfacet
  facet normal -0 0 1
    outer loop
      vertex 43.5 -40 23.5
      vertex 47.5 -60 23.5
      vertex 47.5 -40 23.5
    endloop
  endfacet
  facet normal 0 0 1
    outer loop
      vertex 47.5 -60 23.5
      vertex 43.5 -40 23.5
      vertex 43.5 -60 23.5
    endloop
  endfacet
  facet normal 1 -0 0
    outer loop
      vertex 47.5 -60 23.5
      vertex 47.5 -40 6
      vertex 47.5 -40 23.5
    endloop
  endfacet
  facet normal 1 0 0
    outer loop
      vertex 47.5 -40 6
      vertex 47.5 -60 23.5
      vertex 47.5 -60 6
    endloop
  endfacet
  facet normal 0 0 1
    outer loop
      vertex 43.5 -40 10.5
      vertex 42 -43 10.5
      vertex 43.5 -60 10.5
    endloop
  endfacet
  facet normal 0 0 1
    outer loop
      vertex 43.5 -40 10.5
      vertex 28 -43 10.5
      vertex 42 -43 10.5
    endloop
  endfacet
  facet normal 0 0 1
    outer loop
      vertex 28 -43 10.5
      vertex 26.5 -40 10.5
      vertex 28 -57 10.5
    endloop
  endfacet
  facet normal -0 0 1
    outer loop
      vertex 26.5 -40 10.5
      vertex 28 -43 10.5
      vertex 43.5 -40 10.5
    endloop
  endfacet
  facet normal -0 0 1
    outer loop
      vertex 42 -57 10.5
      vertex 43.5 -60 10.5
      vertex 42 -43 10.5
    endloop
  endfacet
  facet normal -0 0 1
    outer loop
      vertex 28 -57 10.5
      vertex 43.5 -60 10.5
      vertex 42 -57 10.5
    endloop
  endfacet
  facet normal 0 0 1
    outer loop
      vertex 28 -57 10.5
      vertex 26.5 -60 10.5
      vertex 43.5 -60 10.5
    endloop
  endfacet
  facet normal 0 0 1
    outer loop
      vertex 26.5 -60 10.5
      vertex 28 -57 10.5
      vertex 26.5 -40 10.5
    endloop
  endfacet
  facet normal 0.997856 0.0654432 0
    outer loop
      vertex 20 -50 0
      vertex 19.9572 -49.3474 -12
      vertex 19.9572 -49.3474 0
    endloop
  endfacet
  facet normal 0.997856 0.0654432 0
    outer loop
      vertex 19.9572 -49.3474 -12
      vertex 20 -50 0
      vertex 20 -50 -12
    endloop
  endfacet
  facet normal -0.997856 -0.0654432 0
    outer loop
      vertex 10.0428 -50.6526 -12
      vertex 10 -50 0
      vertex 10 -50 -12
    endloop
  endfacet
  facet normal -0.997856 -0.0654432 0
    outer loop
      vertex 10 -50 0
      vertex 10.0428 -50.6526 -12
      vertex 10.0428 -50.6526 0
    endloop
  endfacet
  facet normal -0.0654432 0.997856 0
    outer loop
      vertex 15 -45 -12
      vertex 14.3474 -45.0428 0
      vertex 15 -45 0
    endloop
  endfacet
  facet normal -0.0654432 0.997856 0
    outer loop
      vertex 14.3474 -45.0428 0
      vertex 15 -45 -12
      vertex 14.3474 -45.0428 -12
    endloop
  endfacet
  facet normal 0.0654432 -0.997856 0
    outer loop
      vertex 15 -55 -12
      vertex 15.6526 -54.9572 0
      vertex 15 -55 0
    endloop
  endfacet
  facet normal 0.0654432 -0.997856 0
    outer loop
      vertex 15.6526 -54.9572 0
      vertex 15 -55 -12
      vertex 15.6526 -54.9572 -12
    endloop
  endfacet
  facet normal 0.659424 0.751771 -0
    outer loop
      vertex 18.5355 -46.4645 -12
      vertex 18.0438 -46.0332 0
      vertex 18.5355 -46.4645 0
    endloop
  endfacet
  facet normal 0.659424 0.751771 0
    outer loop
      vertex 18.0438 -46.0332 0
      vertex 18.5355 -46.4645 -12
      vertex 18.0438 -46.0332 -12
    endloop
  endfacet
  facet normal -0.751771 0.659424 0
    outer loop
      vertex 11.0332 -46.9562 -12
      vertex 11.4645 -46.4645 0
      vertex 11.4645 -46.4645 -12
    endloop
  endfacet
  facet normal -0.751771 0.659424 0
    outer loop
      vertex 11.4645 -46.4645 0
      vertex 11.0332 -46.9562 -12
      vertex 11.0332 -46.9562 0
    endloop
  endfacet
  facet normal -0.442314 0.89686 0
    outer loop
      vertex 13.0866 -45.3806 -12
      vertex 12.5 -45.6699 0
      vertex 13.0866 -45.3806 0
    endloop
  endfacet
  facet normal -0.442314 0.89686 0
    outer loop
      vertex 12.5 -45.6699 0
      vertex 13.0866 -45.3806 -12
      vertex 12.5 -45.6699 -12
    endloop
  endfacet
  facet normal 0.89686 0.442314 0
    outer loop
      vertex 19.6194 -48.0866 0
      vertex 19.3301 -47.5 -12
      vertex 19.3301 -47.5 0
    endloop
  endfacet
  facet normal 0.89686 0.442314 0
    outer loop
      vertex 19.3301 -47.5 -12
      vertex 19.6194 -48.0866 0
      vertex 19.6194 -48.0866 -12
    endloop
  endfacet
  facet normal 0.980786 0.195087 0
    outer loop
      vertex 19.9572 -49.3474 0
      vertex 19.8296 -48.7059 -12
      vertex 19.8296 -48.7059 0
    endloop
  endfacet
  facet normal 0.980786 0.195087 0
    outer loop
      vertex 19.8296 -48.7059 -12
      vertex 19.9572 -49.3474 0
      vertex 19.9572 -49.3474 -12
    endloop
  endfacet
  facet normal 0.321407 0.946941 -0
    outer loop
      vertex 16.9134 -45.3806 -12
      vertex 16.2941 -45.1704 0
      vertex 16.9134 -45.3806 0
    endloop
  endfacet
  facet normal 0.321407 0.946941 0
    outer loop
      vertex 16.2941 -45.1704 0
      vertex 16.9134 -45.3806 -12
      vertex 16.2941 -45.1704 -12
    endloop
  endfacet
  facet normal 0.555512 0.831509 -0
    outer loop
      vertex 18.0438 -46.0332 -12
      vertex 17.5 -45.6699 0
      vertex 18.0438 -46.0332 0
    endloop
  endfacet
  facet normal 0.555512 0.831509 0
    outer loop
      vertex 17.5 -45.6699 0
      vertex 18.0438 -46.0332 -12
      vertex 17.5 -45.6699 -12
    endloop
  endfacet
  facet normal -0.89686 0.442314 0
    outer loop
      vertex 10.3806 -48.0866 -12
      vertex 10.6699 -47.5 0
      vertex 10.6699 -47.5 -12
    endloop
  endfacet
  facet normal -0.89686 0.442314 0
    outer loop
      vertex 10.6699 -47.5 0
      vertex 10.3806 -48.0866 -12
      vertex 10.3806 -48.0866 0
    endloop
  endfacet
  facet normal -0.831509 0.555512 0
    outer loop
      vertex 10.6699 -47.5 -12
      vertex 11.0332 -46.9562 0
      vertex 11.0332 -46.9562 -12
    endloop
  endfacet
  facet normal -0.831509 0.555512 0
    outer loop
      vertex 11.0332 -46.9562 0
      vertex 10.6699 -47.5 -12
      vertex 10.6699 -47.5 0
    endloop
  endfacet
  facet normal -0.980786 0.195087 0
    outer loop
      vertex 10.0428 -49.3474 -12
      vertex 10.1704 -48.7059 0
      vertex 10.1704 -48.7059 -12
    endloop
  endfacet
  facet normal -0.980786 0.195087 0
    outer loop
      vertex 10.1704 -48.7059 0
      vertex 10.0428 -49.3474 -12
      vertex 10.0428 -49.3474 0
    endloop
  endfacet
  facet normal -0.659424 0.751771 0
    outer loop
      vertex 11.9562 -46.0332 -12
      vertex 11.4645 -46.4645 0
      vertex 11.9562 -46.0332 0
    endloop
  endfacet
  facet normal -0.659424 0.751771 0
    outer loop
      vertex 11.4645 -46.4645 0
      vertex 11.9562 -46.0332 -12
      vertex 11.4645 -46.4645 -12
    endloop
  endfacet
  facet normal -0.195087 0.980786 0
    outer loop
      vertex 14.3474 -45.0428 -12
      vertex 13.7059 -45.1704 0
      vertex 14.3474 -45.0428 0
    endloop
  endfacet
  facet normal -0.195087 0.980786 0
    outer loop
      vertex 13.7059 -45.1704 0
      vertex 14.3474 -45.0428 -12
      vertex 13.7059 -45.1704 -12
    endloop
  endfacet
  facet normal 0.946941 0.321407 0
    outer loop
      vertex 19.8296 -48.7059 0
      vertex 19.6194 -48.0866 -12
      vertex 19.6194 -48.0866 0
    endloop
  endfacet
  facet normal 0.946941 0.321407 0
    outer loop
      vertex 19.6194 -48.0866 -12
      vertex 19.8296 -48.7059 0
      vertex 19.8296 -48.7059 -12
    endloop
  endfacet
  facet normal 0.751771 0.659424 0
    outer loop
      vertex 18.9668 -46.9562 0
      vertex 18.5355 -46.4645 -12
      vertex 18.5355 -46.4645 0
    endloop
  endfacet
  facet normal 0.751771 0.659424 0
    outer loop
      vertex 18.5355 -46.4645 -12
      vertex 18.9668 -46.9562 0
      vertex 18.9668 -46.9562 -12
    endloop
  endfacet
  facet normal 0.831509 0.555512 0
    outer loop
      vertex 19.3301 -47.5 0
      vertex 18.9668 -46.9562 -12
      vertex 18.9668 -46.9562 0
    endloop
  endfacet
  facet normal 0.831509 0.555512 0
    outer loop
      vertex 18.9668 -46.9562 -12
      vertex 19.3301 -47.5 0
      vertex 19.3301 -47.5 -12
    endloop
  endfacet
  facet normal 0.195087 0.980786 -0
    outer loop
      vertex 16.2941 -45.1704 -12
      vertex 15.6526 -45.0428 0
      vertex 16.2941 -45.1704 0
    endloop
  endfacet
  facet normal 0.195087 0.980786 0
    outer loop
      vertex 15.6526 -45.0428 0
      vertex 16.2941 -45.1704 -12
      vertex 15.6526 -45.0428 -12
    endloop
  endfacet
  facet normal 0.0654432 0.997856 -0
    outer loop
      vertex 15.6526 -45.0428 -12
      vertex 15 -45 0
      vertex 15.6526 -45.0428 0
    endloop
  endfacet
  facet normal 0.0654432 0.997856 0
    outer loop
      vertex 15 -45 0
      vertex 15.6526 -45.0428 -12
      vertex 15 -45 -12
    endloop
  endfacet
  facet normal 0 0 -1
    outer loop
      vertex 19.9572 -50.6526 -12
      vertex 19.9572 -49.3474 -12
      vertex 20 -50 -12
    endloop
  endfacet
  facet normal 0 0 -1
    outer loop
      vertex 19.8296 -51.2941 -12
      vertex 19.9572 -49.3474 -12
      vertex 19.9572 -50.6526 -12
    endloop
  endfacet
  facet normal 0 0 -1
    outer loop
      vertex 19.8296 -51.2941 -12
      vertex 19.8296 -48.7059 -12
      vertex 19.9572 -49.3474 -12
    endloop
  endfacet
  facet normal 0 0 -1
    outer loop
      vertex 19.6194 -51.9134 -12
      vertex 19.8296 -48.7059 -12
      vertex 19.8296 -51.2941 -12
    endloop
  endfacet
  facet normal 0 0 -1
    outer loop
      vertex 19.6194 -51.9134 -12
      vertex 19.6194 -48.0866 -12
      vertex 19.8296 -48.7059 -12
    endloop
  endfacet
  facet normal 0 0 -1
    outer loop
      vertex 19.3301 -52.5 -12
      vertex 19.6194 -48.0866 -12
      vertex 19.6194 -51.9134 -12
    endloop
  endfacet
  facet normal 0 0 -1
    outer loop
      vertex 19.3301 -52.5 -12
      vertex 19.3301 -47.5 -12
      vertex 19.6194 -48.0866 -12
    endloop
  endfacet
  facet normal 0 0 -1
    outer loop
      vertex 18.9668 -53.0438 -12
      vertex 19.3301 -47.5 -12
      vertex 19.3301 -52.5 -12
    endloop
  endfacet
  facet normal 0 0 -1
    outer loop
      vertex 18.9668 -53.0438 -12
      vertex 18.9668 -46.9562 -12
      vertex 19.3301 -47.5 -12
    endloop
  endfacet
  facet normal 0 0 -1
    outer loop
      vertex 18.5355 -53.5355 -12
      vertex 18.9668 -46.9562 -12
      vertex 18.9668 -53.0438 -12
    endloop
  endfacet
  facet normal 0 0 -1
    outer loop
      vertex 18.5355 -53.5355 -12
      vertex 18.5355 -46.4645 -12
      vertex 18.9668 -46.9562 -12
    endloop
  endfacet
  facet normal 0 0 -1
    outer loop
      vertex 18.0438 -53.9668 -12
      vertex 18.5355 -46.4645 -12
      vertex 18.5355 -53.5355 -12
    endloop
  endfacet
  facet normal 0 0 -1
    outer loop
      vertex 18.0438 -53.9668 -12
      vertex 18.0438 -46.0332 -12
      vertex 18.5355 -46.4645 -12
    endloop
  endfacet
  facet normal 0 0 -1
    outer loop
      vertex 17.5 -54.3301 -12
      vertex 18.0438 -46.0332 -12
      vertex 18.0438 -53.9668 -12
    endloop
  endfacet
  facet normal 0 0 -1
    outer loop
      vertex 17.5 -54.3301 -12
      vertex 17.5 -45.6699 -12
      vertex 18.0438 -46.0332 -12
    endloop
  endfacet
  facet normal 0 0 -1
    outer loop
      vertex 16.9134 -54.6194 -12
      vertex 17.5 -45.6699 -12
      vertex 17.5 -54.3301 -12
    endloop
  endfacet
  facet normal 0 0 -1
    outer loop
      vertex 16.9134 -54.6194 -12
      vertex 16.9134 -45.3806 -12
      vertex 17.5 -45.6699 -12
    endloop
  endfacet
  facet normal 0 0 -1
    outer loop
      vertex 16.2941 -54.8296 -12
      vertex 16.9134 -45.3806 -12
      vertex 16.9134 -54.6194 -12
    endloop
  endfacet
  facet normal 0 0 -1
    outer loop
      vertex 16.2941 -54.8296 -12
      vertex 16.2941 -45.1704 -12
      vertex 16.9134 -45.3806 -12
    endloop
  endfacet
  facet normal 0 0 -1
    outer loop
      vertex 15.6526 -54.9572 -12
      vertex 16.2941 -45.1704 -12
      vertex 16.2941 -54.8296 -12
    endloop
  endfacet
  facet normal 0 0 -1
    outer loop
      vertex 15.6526 -54.9572 -12
      vertex 15.6526 -45.0428 -12
      vertex 16.2941 -45.1704 -12
    endloop
  endfacet
  facet normal 0 0 -1
    outer loop
      vertex 15 -55 -12
      vertex 15.6526 -45.0428 -12
      vertex 15.6526 -54.9572 -12
    endloop
  endfacet
  facet normal 0 0 -1
    outer loop
      vertex 15 -55 -12
      vertex 15 -45 -12
      vertex 15.6526 -45.0428 -12
    endloop
  endfacet
  facet normal 0 0 -1
    outer loop
      vertex 14.3474 -54.9572 -12
      vertex 15 -45 -12
      vertex 15 -55 -12
    endloop
  endfacet
  facet normal 0 0 -1
    outer loop
      vertex 14.3474 -54.9572 -12
      vertex 14.3474 -45.0428 -12
      vertex 15 -45 -12
    endloop
  endfacet
  facet normal 0 0 -1
    outer loop
      vertex 13.7059 -54.8296 -12
      vertex 14.3474 -45.0428 -12
      vertex 14.3474 -54.9572 -12
    endloop
  endfacet
  facet normal 0 0 -1
    outer loop
      vertex 13.7059 -54.8296 -12
      vertex 13.7059 -45.1704 -12
      vertex 14.3474 -45.0428 -12
    endloop
  endfacet
  facet normal 0 0 -1
    outer loop
      vertex 13.0866 -54.6194 -12
      vertex 13.7059 -45.1704 -12
      vertex 13.7059 -54.8296 -12
    endloop
  endfacet
  facet normal 0 0 -1
    outer loop
      vertex 13.0866 -54.6194 -12
      vertex 13.0866 -45.3806 -12
      vertex 13.7059 -45.1704 -12
    endloop
  endfacet
  facet normal 0 0 -1
    outer loop
      vertex 12.5 -54.3301 -12
      vertex 13.0866 -45.3806 -12
      vertex 13.0866 -54.6194 -12
    endloop
  endfacet
  facet normal 0 0 -1
    outer loop
      vertex 12.5 -54.3301 -12
      vertex 12.5 -45.6699 -12
      vertex 13.0866 -45.3806 -12
    endloop
  endfacet
  facet normal 0 0 -1
    outer loop
      vertex 11.9562 -53.9668 -12
      vertex 12.5 -45.6699 -12
      vertex 12.5 -54.3301 -12
    endloop
  endfacet
  facet normal 0 0 -1
    outer loop
      vertex 11.9562 -53.9668 -12
      vertex 11.9562 -46.0332 -12
      vertex 12.5 -45.6699 -12
    endloop
  endfacet
  facet normal 0 0 -1
    outer loop
      vertex 11.4645 -53.5355 -12
      vertex 11.9562 -46.0332 -12
      vertex 11.9562 -53.9668 -12
    endloop
  endfacet
  facet normal 0 0 -1
    outer loop
      vertex 11.4645 -53.5355 -12
      vertex 11.4645 -46.4645 -12
      vertex 11.9562 -46.0332 -12
    endloop
  endfacet
  facet normal 0 0 -1
    outer loop
      vertex 11.0332 -53.0438 -12
      vertex 11.4645 -46.4645 -12
      vertex 11.4645 -53.5355 -12
    endloop
  endfacet
  facet normal 0 0 -1
    outer loop
      vertex 11.0332 -53.0438 -12
      vertex 11.0332 -46.9562 -12
      vertex 11.4645 -46.4645 -12
    endloop
  endfacet
  facet normal 0 0 -1
    outer loop
      vertex 10.6699 -52.5 -12
      vertex 11.0332 -46.9562 -12
      vertex 11.0332 -53.0438 -12
    endloop
  endfacet
  facet normal 0 0 -1
    outer loop
      vertex 10.6699 -52.5 -12
      vertex 10.6699 -47.5 -12
      vertex 11.0332 -46.9562 -12
    endloop
  endfacet
  facet normal 0 0 -1
    outer loop
      vertex 10.3806 -51.9134 -12
      vertex 10.6699 -47.5 -12
      vertex 10.6699 -52.5 -12
    endloop
  endfacet
  facet normal 0 0 -1
    outer loop
      vertex 10.3806 -51.9134 -12
      vertex 10.3806 -48.0866 -12
      vertex 10.6699 -47.5 -12
    endloop
  endfacet
  facet normal 0 0 -1
    outer loop
      vertex 10.1704 -51.2941 -12
      vertex 10.3806 -48.0866 -12
      vertex 10.3806 -51.9134 -12
    endloop
  endfacet
  facet normal 0 0 -1
    outer loop
      vertex 10.1704 -51.2941 -12
      vertex 10.1704 -48.7059 -12
      vertex 10.3806 -48.0866 -12
    endloop
  endfacet
  facet normal 0 0 -1
    outer loop
      vertex 10.0428 -50.6526 -12
      vertex 10.1704 -48.7059 -12
      vertex 10.1704 -51.2941 -12
    endloop
  endfacet
  facet normal 0 0 -1
    outer loop
      vertex 10.0428 -50.6526 -12
      vertex 10.0428 -49.3474 -12
      vertex 10.1704 -48.7059 -12
    endloop
  endfacet
  facet normal 0 -0 -1
    outer loop
      vertex 10.0428 -49.3474 -12
      vertex 10.0428 -50.6526 -12
      vertex 10 -50 -12
    endloop
  endfacet
  facet normal -0.946941 0.321407 0
    outer loop
      vertex 10.1704 -48.7059 -12
      vertex 10.3806 -48.0866 0
      vertex 10.3806 -48.0866 -12
    endloop
  endfacet
  facet normal -0.946941 0.321407 0
    outer loop
      vertex 10.3806 -48.0866 0
      vertex 10.1704 -48.7059 -12
      vertex 10.1704 -48.7059 0
    endloop
  endfacet
  facet normal -0.997856 0.0654432 0
    outer loop
      vertex 10 -50 -12
      vertex 10.0428 -49.3474 0
      vertex 10.0428 -49.3474 -12
    endloop
  endfacet
  facet normal -0.997856 0.0654432 0
    outer loop
      vertex 10.0428 -49.3474 0
      vertex 10 -50 -12
      vertex 10 -50 0
    endloop
  endfacet
  facet normal -0.555512 0.831509 0
    outer loop
      vertex 12.5 -45.6699 -12
      vertex 11.9562 -46.0332 0
      vertex 12.5 -45.6699 0
    endloop
  endfacet
  facet normal -0.555512 0.831509 0
    outer loop
      vertex 11.9562 -46.0332 0
      vertex 12.5 -45.6699 -12
      vertex 11.9562 -46.0332 -12
    endloop
  endfacet
  facet normal -0.321407 0.946941 0
    outer loop
      vertex 13.7059 -45.1704 -12
      vertex 13.0866 -45.3806 0
      vertex 13.7059 -45.1704 0
    endloop
  endfacet
  facet normal -0.321407 0.946941 0
    outer loop
      vertex 13.0866 -45.3806 0
      vertex 13.7059 -45.1704 -12
      vertex 13.0866 -45.3806 -12
    endloop
  endfacet
  facet normal 0.997856 -0.0654432 0
    outer loop
      vertex 19.9572 -50.6526 0
      vertex 20 -50 -12
      vertex 20 -50 0
    endloop
  endfacet
  facet normal 0.997856 -0.0654432 0
    outer loop
      vertex 20 -50 -12
      vertex 19.9572 -50.6526 0
      vertex 19.9572 -50.6526 -12
    endloop
  endfacet
  facet normal 0.751771 -0.659424 0
    outer loop
      vertex 18.5355 -53.5355 0
      vertex 18.9668 -53.0438 -12
      vertex 18.9668 -53.0438 0
    endloop
  endfacet
  facet normal 0.751771 -0.659424 0
    outer loop
      vertex 18.9668 -53.0438 -12
      vertex 18.5355 -53.5355 0
      vertex 18.5355 -53.5355 -12
    endloop
  endfacet
  facet normal 0.980786 -0.195087 0
    outer loop
      vertex 19.8296 -51.2941 0
      vertex 19.9572 -50.6526 -12
      vertex 19.9572 -50.6526 0
    endloop
  endfacet
  facet normal 0.980786 -0.195087 0
    outer loop
      vertex 19.9572 -50.6526 -12
      vertex 19.8296 -51.2941 0
      vertex 19.8296 -51.2941 -12
    endloop
  endfacet
  facet normal 0.442314 -0.89686 0
    outer loop
      vertex 16.9134 -54.6194 -12
      vertex 17.5 -54.3301 0
      vertex 16.9134 -54.6194 0
    endloop
  endfacet
  facet normal 0.442314 -0.89686 0
    outer loop
      vertex 17.5 -54.3301 0
      vertex 16.9134 -54.6194 -12
      vertex 17.5 -54.3301 -12
    endloop
  endfacet
  facet normal 0.442314 0.89686 -0
    outer loop
      vertex 17.5 -45.6699 -12
      vertex 16.9134 -45.3806 0
      vertex 17.5 -45.6699 0
    endloop
  endfacet
  facet normal 0.442314 0.89686 0
    outer loop
      vertex 16.9134 -45.3806 0
      vertex 17.5 -45.6699 -12
      vertex 16.9134 -45.3806 -12
    endloop
  endfacet
  facet normal 0.555512 -0.831509 0
    outer loop
      vertex 17.5 -54.3301 -12
      vertex 18.0438 -53.9668 0
      vertex 17.5 -54.3301 0
    endloop
  endfacet
  facet normal 0.555512 -0.831509 0
    outer loop
      vertex 18.0438 -53.9668 0
      vertex 17.5 -54.3301 -12
      vertex 18.0438 -53.9668 -12
    endloop
  endfacet
  facet normal 0.946941 -0.321407 0
    outer loop
      vertex 19.6194 -51.9134 0
      vertex 19.8296 -51.2941 -12
      vertex 19.8296 -51.2941 0
    endloop
  endfacet
  facet normal 0.946941 -0.321407 0
    outer loop
      vertex 19.8296 -51.2941 -12
      vertex 19.6194 -51.9134 0
      vertex 19.6194 -51.9134 -12
    endloop
  endfacet
  facet normal 0.89686 -0.442314 0
    outer loop
      vertex 19.3301 -52.5 0
      vertex 19.6194 -51.9134 -12
      vertex 19.6194 -51.9134 0
    endloop
  endfacet
  facet normal 0.89686 -0.442314 0
    outer loop
      vertex 19.6194 -51.9134 -12
      vertex 19.3301 -52.5 0
      vertex 19.3301 -52.5 -12
    endloop
  endfacet
  facet normal 0.831509 -0.555512 0
    outer loop
      vertex 18.9668 -53.0438 0
      vertex 19.3301 -52.5 -12
      vertex 19.3301 -52.5 0
    endloop
  endfacet
  facet normal 0.831509 -0.555512 0
    outer loop
      vertex 19.3301 -52.5 -12
      vertex 18.9668 -53.0438 0
      vertex 18.9668 -53.0438 -12
    endloop
  endfacet
  facet normal -0.321407 -0.946941 0
    outer loop
      vertex 13.0866 -54.6194 -12
      vertex 13.7059 -54.8296 0
      vertex 13.0866 -54.6194 0
    endloop
  endfacet
  facet normal -0.321407 -0.946941 -0
    outer loop
      vertex 13.7059 -54.8296 0
      vertex 13.0866 -54.6194 -12
      vertex 13.7059 -54.8296 -12
    endloop
  endfacet
  facet normal -0.659424 -0.751771 0
    outer loop
      vertex 11.4645 -53.5355 -12
      vertex 11.9562 -53.9668 0
      vertex 11.4645 -53.5355 0
    endloop
  endfacet
  facet normal -0.659424 -0.751771 -0
    outer loop
      vertex 11.9562 -53.9668 0
      vertex 11.4645 -53.5355 -12
      vertex 11.9562 -53.9668 -12
    endloop
  endfacet
  facet normal -0.831509 -0.555512 0
    outer loop
      vertex 11.0332 -53.0438 -12
      vertex 10.6699 -52.5 0
      vertex 10.6699 -52.5 -12
    endloop
  endfacet
  facet normal -0.831509 -0.555512 0
    outer loop
      vertex 10.6699 -52.5 0
      vertex 11.0332 -53.0438 -12
      vertex 11.0332 -53.0438 0
    endloop
  endfacet
  facet normal -0.980786 -0.195087 0
    outer loop
      vertex 10.1704 -51.2941 -12
      vertex 10.0428 -50.6526 0
      vertex 10.0428 -50.6526 -12
    endloop
  endfacet
  facet normal -0.980786 -0.195087 0
    outer loop
      vertex 10.0428 -50.6526 0
      vertex 10.1704 -51.2941 -12
      vertex 10.1704 -51.2941 0
    endloop
  endfacet
  facet normal -0.946941 -0.321407 0
    outer loop
      vertex 10.3806 -51.9134 -12
      vertex 10.1704 -51.2941 0
      vertex 10.1704 -51.2941 -12
    endloop
  endfacet
  facet normal -0.946941 -0.321407 0
    outer loop
      vertex 10.1704 -51.2941 0
      vertex 10.3806 -51.9134 -12
      vertex 10.3806 -51.9134 0
    endloop
  endfacet
  facet normal -0.89686 -0.442314 0
    outer loop
      vertex 10.6699 -52.5 -12
      vertex 10.3806 -51.9134 0
      vertex 10.3806 -51.9134 -12
    endloop
  endfacet
  facet normal -0.89686 -0.442314 0
    outer loop
      vertex 10.3806 -51.9134 0
      vertex 10.6699 -52.5 -12
      vertex 10.6699 -52.5 0
    endloop
  endfacet
  facet normal 0.321407 -0.946941 0
    outer loop
      vertex 16.2941 -54.8296 -12
      vertex 16.9134 -54.6194 0
      vertex 16.2941 -54.8296 0
    endloop
  endfacet
  facet normal 0.321407 -0.946941 0
    outer loop
      vertex 16.9134 -54.6194 0
      vertex 16.2941 -54.8296 -12
      vertex 16.9134 -54.6194 -12
    endloop
  endfacet
  facet normal 0.195087 -0.980786 0
    outer loop
      vertex 15.6526 -54.9572 -12
      vertex 16.2941 -54.8296 0
      vertex 15.6526 -54.9572 0
    endloop
  endfacet
  facet normal 0.195087 -0.980786 0
    outer loop
      vertex 16.2941 -54.8296 0
      vertex 15.6526 -54.9572 -12
      vertex 16.2941 -54.8296 -12
    endloop
  endfacet
  facet normal 0.659424 -0.751771 0
    outer loop
      vertex 18.0438 -53.9668 -12
      vertex 18.5355 -53.5355 0
      vertex 18.0438 -53.9668 0
    endloop
  endfacet
  facet normal 0.659424 -0.751771 0
    outer loop
      vertex 18.5355 -53.5355 0
      vertex 18.0438 -53.9668 -12
      vertex 18.5355 -53.5355 -12
    endloop
  endfacet
  facet normal -0.0654432 -0.997856 0
    outer loop
      vertex 14.3474 -54.9572 -12
      vertex 15 -55 0
      vertex 14.3474 -54.9572 0
    endloop
  endfacet
  facet normal -0.0654432 -0.997856 -0
    outer loop
      vertex 15 -55 0
      vertex 14.3474 -54.9572 -12
      vertex 15 -55 -12
    endloop
  endfacet
  facet normal -0.555512 -0.831509 0
    outer loop
      vertex 11.9562 -53.9668 -12
      vertex 12.5 -54.3301 0
      vertex 11.9562 -53.9668 0
    endloop
  endfacet
  facet normal -0.555512 -0.831509 -0
    outer loop
      vertex 12.5 -54.3301 0
      vertex 11.9562 -53.9668 -12
      vertex 12.5 -54.3301 -12
    endloop
  endfacet
  facet normal -0.195087 -0.980786 0
    outer loop
      vertex 13.7059 -54.8296 -12
      vertex 14.3474 -54.9572 0
      vertex 13.7059 -54.8296 0
    endloop
  endfacet
  facet normal -0.195087 -0.980786 -0
    outer loop
      vertex 14.3474 -54.9572 0
      vertex 13.7059 -54.8296 -12
      vertex 14.3474 -54.9572 -12
    endloop
  endfacet
  facet normal -0.751771 -0.659424 0
    outer loop
      vertex 11.4645 -53.5355 -12
      vertex 11.0332 -53.0438 0
      vertex 11.0332 -53.0438 -12
    endloop
  endfacet
  facet normal -0.751771 -0.659424 0
    outer loop
      vertex 11.0332 -53.0438 0
      vertex 11.4645 -53.5355 -12
      vertex 11.4645 -53.5355 0
    endloop
  endfacet
  facet normal -0.442314 -0.89686 0
    outer loop
      vertex 12.5 -54.3301 -12
      vertex 13.0866 -54.6194 0
      vertex 12.5 -54.3301 0
    endloop
  endfacet
  facet normal -0.442314 -0.89686 -0
    outer loop
      vertex 13.0866 -54.6194 0
      vertex 12.5 -54.3301 -12
      vertex 13.0866 -54.6194 -12
    endloop
  endfacet
  facet normal 0.997836 0.0657477 0
    outer loop
      vertex 130 -50 0
      vertex 129.957 -49.3474 -12
      vertex 129.957 -49.3474 0
    endloop
  endfacet
  facet normal 0.997836 0.0657477 0
    outer loop
      vertex 129.957 -49.3474 -12
      vertex 130 -50 0
      vertex 130 -50 -12
    endloop
  endfacet
  facet normal -0.0654033 0.997859 0
    outer loop
      vertex 125 -45 -12
      vertex 124.347 -45.0428 0
      vertex 125 -45 0
    endloop
  endfacet
  facet normal -0.0654033 0.997859 0
    outer loop
      vertex 124.347 -45.0428 0
      vertex 125 -45 -12
      vertex 124.347 -45.0428 -12
    endloop
  endfacet
  facet normal 0.0654033 -0.997859 0
    outer loop
      vertex 125 -55 -12
      vertex 125.653 -54.9572 0
      vertex 125 -55 0
    endloop
  endfacet
  facet normal 0.0654033 -0.997859 0
    outer loop
      vertex 125.653 -54.9572 0
      vertex 125 -55 -12
      vertex 125.653 -54.9572 -12
    endloop
  endfacet
  facet normal 0.659197 0.75197 -0
    outer loop
      vertex 128.536 -46.4645 -12
      vertex 128.044 -46.0332 0
      vertex 128.536 -46.4645 0
    endloop
  endfacet
  facet normal 0.659197 0.75197 0
    outer loop
      vertex 128.044 -46.0332 0
      vertex 128.536 -46.4645 -12
      vertex 128.044 -46.0332 -12
    endloop
  endfacet
  facet normal -0.751998 0.659165 0
    outer loop
      vertex 121.033 -46.9562 -12
      vertex 121.464 -46.4645 0
      vertex 121.464 -46.4645 -12
    endloop
  endfacet
  facet normal -0.751998 0.659165 0
    outer loop
      vertex 121.464 -46.4645 0
      vertex 121.033 -46.9562 -12
      vertex 121.033 -46.9562 0
    endloop
  endfacet
  facet normal -0.442072 0.89698 0
    outer loop
      vertex 123.087 -45.3806 -12
      vertex 122.5 -45.6699 0
      vertex 123.087 -45.3806 0
    endloop
  endfacet
  facet normal -0.442072 0.89698 0
    outer loop
      vertex 122.5 -45.6699 0
      vertex 123.087 -45.3806 -12
      vertex 122.5 -45.6699 -12
    endloop
  endfacet
  facet normal 0.946569 -0.322503 0
    outer loop
      vertex 129.619 -51.9134 0
      vertex 129.83 -51.2941 -12
      vertex 129.83 -51.2941 0
    endloop
  endfacet
  facet normal 0.946569 -0.322503 0
    outer loop
      vertex 129.83 -51.2941 -12
      vertex 129.619 -51.9134 0
      vertex 129.619 -51.9134 -12
    endloop
  endfacet
  facet normal 0.897042 0.441945 0
    outer loop
      vertex 129.619 -48.0866 0
      vertex 129.33 -47.5 -12
      vertex 129.33 -47.5 0
    endloop
  endfacet
  facet normal 0.897042 0.441945 0
    outer loop
      vertex 129.33 -47.5 -12
      vertex 129.619 -48.0866 0
      vertex 129.619 -48.0866 -12
    endloop
  endfacet
  facet normal 0.980961 0.194204 0
    outer loop
      vertex 129.957 -49.3474 0
      vertex 129.83 -48.7059 -12
      vertex 129.83 -48.7059 0
    endloop
  endfacet
  facet normal 0.980961 0.194204 0
    outer loop
      vertex 129.83 -48.7059 -12
      vertex 129.957 -49.3474 0
      vertex 129.957 -49.3474 -12
    endloop
  endfacet
  facet normal 0.321546 0.946894 -0
    outer loop
      vertex 126.913 -45.3806 -12
      vertex 126.294 -45.1704 0
      vertex 126.913 -45.3806 0
    endloop
  endfacet
  facet normal 0.321546 0.946894 0
    outer loop
      vertex 126.294 -45.1704 0
      vertex 126.913 -45.3806 -12
      vertex 126.294 -45.1704 -12
    endloop
  endfacet
  facet normal 0.55537 0.831603 -0
    outer loop
      vertex 128.044 -46.0332 -12
      vertex 127.5 -45.6699 0
      vertex 128.044 -46.0332 0
    endloop
  endfacet
  facet normal 0.55537 0.831603 0
    outer loop
      vertex 127.5 -45.6699 0
      vertex 128.044 -46.0332 -12
      vertex 127.5 -45.6699 -12
    endloop
  endfacet
  facet normal -0.946569 0.322503 0
    outer loop
      vertex 120.17 -48.7059 -12
      vertex 120.381 -48.0866 0
      vertex 120.381 -48.0866 -12
    endloop
  endfacet
  facet normal -0.946569 0.322503 0
    outer loop
      vertex 120.381 -48.0866 0
      vertex 120.17 -48.7059 -12
      vertex 120.17 -48.7059 0
    endloop
  endfacet
  facet normal -0.831721 0.555194 0
    outer loop
      vertex 120.67 -47.5 -12
      vertex 121.033 -46.9562 0
      vertex 121.033 -46.9562 -12
    endloop
  endfacet
  facet normal -0.831721 0.555194 0
    outer loop
      vertex 121.033 -46.9562 0
      vertex 120.67 -47.5 -12
      vertex 120.67 -47.5 0
    endloop
  endfacet
  facet normal -0.980961 0.194204 0
    outer loop
      vertex 120.043 -49.3474 -12
      vertex 120.17 -48.7059 0
      vertex 120.17 -48.7059 -12
    endloop
  endfacet
  facet normal -0.980961 0.194204 0
    outer loop
      vertex 120.17 -48.7059 0
      vertex 120.043 -49.3474 -12
      vertex 120.043 -49.3474 0
    endloop
  endfacet
  facet normal -0.195233 0.980757 0
    outer loop
      vertex 124.347 -45.0428 -12
      vertex 123.706 -45.1704 0
      vertex 124.347 -45.0428 0
    endloop
  endfacet
  facet normal -0.195233 0.980757 0
    outer loop
      vertex 123.706 -45.1704 0
      vertex 124.347 -45.0428 -12
      vertex 123.706 -45.1704 -12
    endloop
  endfacet
  facet normal -0.831721 -0.555194 0
    outer loop
      vertex 121.033 -53.0438 -12
      vertex 120.67 -52.5 0
      vertex 120.67 -52.5 -12
    endloop
  endfacet
  facet normal -0.831721 -0.555194 0
    outer loop
      vertex 120.67 -52.5 0
      vertex 121.033 -53.0438 -12
      vertex 121.033 -53.0438 0
    endloop
  endfacet
  facet normal 0.442072 -0.89698 0
    outer loop
      vertex 126.913 -54.6194 -12
      vertex 127.5 -54.3301 0
      vertex 126.913 -54.6194 0
    endloop
  endfacet
  facet normal 0.442072 -0.89698 0
    outer loop
      vertex 127.5 -54.3301 0
      vertex 126.913 -54.6194 -12
      vertex 127.5 -54.3301 -12
    endloop
  endfacet
  facet normal 0.946569 0.322503 0
    outer loop
      vertex 129.83 -48.7059 0
      vertex 129.619 -48.0866 -12
      vertex 129.619 -48.0866 0
    endloop
  endfacet
  facet normal 0.946569 0.322503 0
    outer loop
      vertex 129.619 -48.0866 -12
      vertex 129.83 -48.7059 0
      vertex 129.83 -48.7059 -12
    endloop
  endfacet
  facet normal 0.751998 0.659165 0
    outer loop
      vertex 128.967 -46.9562 0
      vertex 128.536 -46.4645 -12
      vertex 128.536 -46.4645 0
    endloop
  endfacet
  facet normal 0.751998 0.659165 0
    outer loop
      vertex 128.536 -46.4645 -12
      vertex 128.967 -46.9562 0
      vertex 128.967 -46.9562 -12
    endloop
  endfacet
  facet normal 0.831721 0.555194 0
    outer loop
      vertex 129.33 -47.5 0
      vertex 128.967 -46.9562 -12
      vertex 128.967 -46.9562 0
    endloop
  endfacet
  facet normal 0.831721 0.555194 0
    outer loop
      vertex 128.967 -46.9562 -12
      vertex 129.33 -47.5 0
      vertex 129.33 -47.5 -12
    endloop
  endfacet
  facet normal 0.195233 0.980757 -0
    outer loop
      vertex 126.294 -45.1704 -12
      vertex 125.653 -45.0428 0
      vertex 126.294 -45.1704 0
    endloop
  endfacet
  facet normal 0.195233 0.980757 0
    outer loop
      vertex 125.653 -45.0428 0
      vertex 126.294 -45.1704 -12
      vertex 125.653 -45.0428 -12
    endloop
  endfacet
  facet normal 0.0654033 0.997859 -0
    outer loop
      vertex 125.653 -45.0428 -12
      vertex 125 -45 0
      vertex 125.653 -45.0428 0
    endloop
  endfacet
  facet normal 0.0654033 0.997859 0
    outer loop
      vertex 125 -45 0
      vertex 125.653 -45.0428 -12
      vertex 125 -45 -12
    endloop
  endfacet
  facet normal 0.442072 0.89698 -0
    outer loop
      vertex 127.5 -45.6699 -12
      vertex 126.913 -45.3806 0
      vertex 127.5 -45.6699 0
    endloop
  endfacet
  facet normal 0.442072 0.89698 0
    outer loop
      vertex 126.913 -45.3806 0
      vertex 127.5 -45.6699 -12
      vertex 126.913 -45.3806 -12
    endloop
  endfacet
  facet normal 0 0 -1
    outer loop
      vertex 129.957 -50.6526 -12
      vertex 129.957 -49.3474 -12
      vertex 130 -50 -12
    endloop
  endfacet
  facet normal 0 0 -1
    outer loop
      vertex 129.83 -51.2941 -12
      vertex 129.957 -49.3474 -12
      vertex 129.957 -50.6526 -12
    endloop
  endfacet
  facet normal 0 0 -1
    outer loop
      vertex 129.83 -51.2941 -12
      vertex 129.83 -48.7059 -12
      vertex 129.957 -49.3474 -12
    endloop
  endfacet
  facet normal 0 0 -1
    outer loop
      vertex 129.619 -51.9134 -12
      vertex 129.83 -48.7059 -12
      vertex 129.83 -51.2941 -12
    endloop
  endfacet
  facet normal 0 0 -1
    outer loop
      vertex 129.619 -51.9134 -12
      vertex 129.619 -48.0866 -12
      vertex 129.83 -48.7059 -12
    endloop
  endfacet
  facet normal 0 0 -1
    outer loop
      vertex 129.33 -52.5 -12
      vertex 129.619 -48.0866 -12
      vertex 129.619 -51.9134 -12
    endloop
  endfacet
  facet normal 0 0 -1
    outer loop
      vertex 129.33 -52.5 -12
      vertex 129.33 -47.5 -12
      vertex 129.619 -48.0866 -12
    endloop
  endfacet
  facet normal 0 0 -1
    outer loop
      vertex 128.967 -53.0438 -12
      vertex 129.33 -47.5 -12
      vertex 129.33 -52.5 -12
    endloop
  endfacet
  facet normal 0 0 -1
    outer loop
      vertex 128.967 -53.0438 -12
      vertex 128.967 -46.9562 -12
      vertex 129.33 -47.5 -12
    endloop
  endfacet
  facet normal 0 0 -1
    outer loop
      vertex 128.536 -53.5355 -12
      vertex 128.967 -46.9562 -12
      vertex 128.967 -53.0438 -12
    endloop
  endfacet
  facet normal 0 0 -1
    outer loop
      vertex 128.536 -53.5355 -12
      vertex 128.536 -46.4645 -12
      vertex 128.967 -46.9562 -12
    endloop
  endfacet
  facet normal 0 0 -1
    outer loop
      vertex 128.044 -53.9668 -12
      vertex 128.536 -46.4645 -12
      vertex 128.536 -53.5355 -12
    endloop
  endfacet
  facet normal 0 0 -1
    outer loop
      vertex 128.044 -53.9668 -12
      vertex 128.044 -46.0332 -12
      vertex 128.536 -46.4645 -12
    endloop
  endfacet
  facet normal 0 0 -1
    outer loop
      vertex 127.5 -54.3301 -12
      vertex 128.044 -46.0332 -12
      vertex 128.044 -53.9668 -12
    endloop
  endfacet
  facet normal 0 0 -1
    outer loop
      vertex 127.5 -54.3301 -12
      vertex 127.5 -45.6699 -12
      vertex 128.044 -46.0332 -12
    endloop
  endfacet
  facet normal 0 0 -1
    outer loop
      vertex 126.913 -54.6194 -12
      vertex 127.5 -45.6699 -12
      vertex 127.5 -54.3301 -12
    endloop
  endfacet
  facet normal 0 0 -1
    outer loop
      vertex 126.913 -54.6194 -12
      vertex 126.913 -45.3806 -12
      vertex 127.5 -45.6699 -12
    endloop
  endfacet
  facet normal 0 0 -1
    outer loop
      vertex 126.294 -54.8296 -12
      vertex 126.913 -45.3806 -12
      vertex 126.913 -54.6194 -12
    endloop
  endfacet
  facet normal 0 0 -1
    outer loop
      vertex 126.294 -54.8296 -12
      vertex 126.294 -45.1704 -12
      vertex 126.913 -45.3806 -12
    endloop
  endfacet
  facet normal 0 0 -1
    outer loop
      vertex 125.653 -54.9572 -12
      vertex 126.294 -45.1704 -12
      vertex 126.294 -54.8296 -12
    endloop
  endfacet
  facet normal 0 0 -1
    outer loop
      vertex 125.653 -54.9572 -12
      vertex 125.653 -45.0428 -12
      vertex 126.294 -45.1704 -12
    endloop
  endfacet
  facet normal 0 0 -1
    outer loop
      vertex 125 -55 -12
      vertex 125.653 -45.0428 -12
      vertex 125.653 -54.9572 -12
    endloop
  endfacet
  facet normal 0 0 -1
    outer loop
      vertex 125 -55 -12
      vertex 125 -45 -12
      vertex 125.653 -45.0428 -12
    endloop
  endfacet
  facet normal 0 0 -1
    outer loop
      vertex 124.347 -54.9572 -12
      vertex 125 -45 -12
      vertex 125 -55 -12
    endloop
  endfacet
  facet normal 0 0 -1
    outer loop
      vertex 124.347 -54.9572 -12
      vertex 124.347 -45.0428 -12
      vertex 125 -45 -12
    endloop
  endfacet
  facet normal 0 0 -1
    outer loop
      vertex 123.706 -54.8296 -12
      vertex 124.347 -45.0428 -12
      vertex 124.347 -54.9572 -12
    endloop
  endfacet
  facet normal 0 0 -1
    outer loop
      vertex 123.706 -54.8296 -12
      vertex 123.706 -45.1704 -12
      vertex 124.347 -45.0428 -12
    endloop
  endfacet
  facet normal 0 0 -1
    outer loop
      vertex 123.087 -54.6194 -12
      vertex 123.706 -45.1704 -12
      vertex 123.706 -54.8296 -12
    endloop
  endfacet
  facet normal 0 0 -1
    outer loop
      vertex 123.087 -54.6194 -12
      vertex 123.087 -45.3806 -12
      vertex 123.706 -45.1704 -12
    endloop
  endfacet
  facet normal 0 0 -1
    outer loop
      vertex 122.5 -54.3301 -12
      vertex 123.087 -45.3806 -12
      vertex 123.087 -54.6194 -12
    endloop
  endfacet
  facet normal 0 0 -1
    outer loop
      vertex 122.5 -54.3301 -12
      vertex 122.5 -45.6699 -12
      vertex 123.087 -45.3806 -12
    endloop
  endfacet
  facet normal 0 0 -1
    outer loop
      vertex 121.956 -53.9668 -12
      vertex 122.5 -45.6699 -12
      vertex 122.5 -54.3301 -12
    endloop
  endfacet
  facet normal 0 0 -1
    outer loop
      vertex 121.956 -53.9668 -12
      vertex 121.956 -46.0332 -12
      vertex 122.5 -45.6699 -12
    endloop
  endfacet
  facet normal 0 0 -1
    outer loop
      vertex 121.464 -53.5355 -12
      vertex 121.956 -46.0332 -12
      vertex 121.956 -53.9668 -12
    endloop
  endfacet
  facet normal 0 0 -1
    outer loop
      vertex 121.464 -53.5355 -12
      vertex 121.464 -46.4645 -12
      vertex 121.956 -46.0332 -12
    endloop
  endfacet
  facet normal 0 0 -1
    outer loop
      vertex 121.033 -53.0438 -12
      vertex 121.464 -46.4645 -12
      vertex 121.464 -53.5355 -12
    endloop
  endfacet
  facet normal 0 0 -1
    outer loop
      vertex 121.033 -53.0438 -12
      vertex 121.033 -46.9562 -12
      vertex 121.464 -46.4645 -12
    endloop
  endfacet
  facet normal 0 0 -1
    outer loop
      vertex 120.67 -52.5 -12
      vertex 121.033 -46.9562 -12
      vertex 121.033 -53.0438 -12
    endloop
  endfacet
  facet normal 0 0 -1
    outer loop
      vertex 120.67 -52.5 -12
      vertex 120.67 -47.5 -12
      vertex 121.033 -46.9562 -12
    endloop
  endfacet
  facet normal 0 0 -1
    outer loop
      vertex 120.381 -51.9134 -12
      vertex 120.67 -47.5 -12
      vertex 120.67 -52.5 -12
    endloop
  endfacet
  facet normal 0 0 -1
    outer loop
      vertex 120.381 -51.9134 -12
      vertex 120.381 -48.0866 -12
      vertex 120.67 -47.5 -12
    endloop
  endfacet
  facet normal 0 0 -1
    outer loop
      vertex 120.17 -51.2941 -12
      vertex 120.381 -48.0866 -12
      vertex 120.381 -51.9134 -12
    endloop
  endfacet
  facet normal 0 0 -1
    outer loop
      vertex 120.17 -51.2941 -12
      vertex 120.17 -48.7059 -12
      vertex 120.381 -48.0866 -12
    endloop
  endfacet
  facet normal 0 0 -1
    outer loop
      vertex 120.043 -50.6526 -12
      vertex 120.17 -48.7059 -12
      vertex 120.17 -51.2941 -12
    endloop
  endfacet
  facet normal 0 0 -1
    outer loop
      vertex 120.043 -50.6526 -12
      vertex 120.043 -49.3474 -12
      vertex 120.17 -48.7059 -12
    endloop
  endfacet
  facet normal 0 -0 -1
    outer loop
      vertex 120.043 -49.3474 -12
      vertex 120.043 -50.6526 -12
      vertex 120 -50 -12
    endloop
  endfacet
  facet normal -0.897042 0.441945 0
    outer loop
      vertex 120.381 -48.0866 -12
      vertex 120.67 -47.5 0
      vertex 120.67 -47.5 -12
    endloop
  endfacet
  facet normal -0.897042 0.441945 0
    outer loop
      vertex 120.67 -47.5 0
      vertex 120.381 -48.0866 -12
      vertex 120.381 -48.0866 0
    endloop
  endfacet
  facet normal -0.997836 0.0657477 0
    outer loop
      vertex 120 -50 -12
      vertex 120.043 -49.3474 0
      vertex 120.043 -49.3474 -12
    endloop
  endfacet
  facet normal -0.997836 0.0657477 0
    outer loop
      vertex 120.043 -49.3474 0
      vertex 120 -50 -12
      vertex 120 -50 0
    endloop
  endfacet
  facet normal -0.55537 0.831603 0
    outer loop
      vertex 122.5 -45.6699 -12
      vertex 121.956 -46.0332 0
      vertex 122.5 -45.6699 0
    endloop
  endfacet
  facet normal -0.55537 0.831603 0
    outer loop
      vertex 121.956 -46.0332 0
      vertex 122.5 -45.6699 -12
      vertex 121.956 -46.0332 -12
    endloop
  endfacet
  facet normal -0.659197 0.75197 0
    outer loop
      vertex 121.956 -46.0332 -12
      vertex 121.464 -46.4645 0
      vertex 121.956 -46.0332 0
    endloop
  endfacet
  facet normal -0.659197 0.75197 0
    outer loop
      vertex 121.464 -46.4645 0
      vertex 121.956 -46.0332 -12
      vertex 121.464 -46.4645 -12
    endloop
  endfacet
  facet normal -0.321546 0.946894 0
    outer loop
      vertex 123.706 -45.1704 -12
      vertex 123.087 -45.3806 0
      vertex 123.706 -45.1704 0
    endloop
  endfacet
  facet normal -0.321546 0.946894 0
    outer loop
      vertex 123.087 -45.3806 0
      vertex 123.706 -45.1704 -12
      vertex 123.087 -45.3806 -12
    endloop
  endfacet
  facet normal 0.751998 -0.659165 0
    outer loop
      vertex 128.536 -53.5355 0
      vertex 128.967 -53.0438 -12
      vertex 128.967 -53.0438 0
    endloop
  endfacet
  facet normal 0.751998 -0.659165 0
    outer loop
      vertex 128.967 -53.0438 -12
      vertex 128.536 -53.5355 0
      vertex 128.536 -53.5355 -12
    endloop
  endfacet
  facet normal 0.897042 -0.441945 0
    outer loop
      vertex 129.33 -52.5 0
      vertex 129.619 -51.9134 -12
      vertex 129.619 -51.9134 0
    endloop
  endfacet
  facet normal 0.897042 -0.441945 0
    outer loop
      vertex 129.619 -51.9134 -12
      vertex 129.33 -52.5 0
      vertex 129.33 -52.5 -12
    endloop
  endfacet
  facet normal 0.980961 -0.194204 0
    outer loop
      vertex 129.83 -51.2941 0
      vertex 129.957 -50.6526 -12
      vertex 129.957 -50.6526 0
    endloop
  endfacet
  facet normal 0.980961 -0.194204 0
    outer loop
      vertex 129.957 -50.6526 -12
      vertex 129.83 -51.2941 0
      vertex 129.83 -51.2941 -12
    endloop
  endfacet
  facet normal -0.997836 -0.0657477 0
    outer loop
      vertex 120.043 -50.6526 -12
      vertex 120 -50 0
      vertex 120 -50 -12
    endloop
  endfacet
  facet normal -0.997836 -0.0657477 0
    outer loop
      vertex 120 -50 0
      vertex 120.043 -50.6526 -12
      vertex 120.043 -50.6526 0
    endloop
  endfacet
  facet normal 0.831721 -0.555194 0
    outer loop
      vertex 128.967 -53.0438 0
      vertex 129.33 -52.5 -12
      vertex 129.33 -52.5 0
    endloop
  endfacet
  facet normal 0.831721 -0.555194 0
    outer loop
      vertex 129.33 -52.5 -12
      vertex 128.967 -53.0438 0
      vertex 128.967 -53.0438 -12
    endloop
  endfacet
  facet normal 0.997836 -0.0657477 0
    outer loop
      vertex 129.957 -50.6526 0
      vertex 130 -50 -12
      vertex 130 -50 0
    endloop
  endfacet
  facet normal 0.997836 -0.0657477 0
    outer loop
      vertex 130 -50 -12
      vertex 129.957 -50.6526 0
      vertex 129.957 -50.6526 -12
    endloop
  endfacet
  facet normal -0.659197 -0.75197 0
    outer loop
      vertex 121.464 -53.5355 -12
      vertex 121.956 -53.9668 0
      vertex 121.464 -53.5355 0
    endloop
  endfacet
  facet normal -0.659197 -0.75197 -0
    outer loop
      vertex 121.956 -53.9668 0
      vertex 121.464 -53.5355 -12
      vertex 121.956 -53.9668 -12
    endloop
  endfacet
  facet normal -0.946569 -0.322503 0
    outer loop
      vertex 120.381 -51.9134 -12
      vertex 120.17 -51.2941 0
      vertex 120.17 -51.2941 -12
    endloop
  endfacet
  facet normal -0.946569 -0.322503 0
    outer loop
      vertex 120.17 -51.2941 0
      vertex 120.381 -51.9134 -12
      vertex 120.381 -51.9134 0
    endloop
  endfacet
  facet normal -0.980961 -0.194204 0
    outer loop
      vertex 120.17 -51.2941 -12
      vertex 120.043 -50.6526 0
      vertex 120.043 -50.6526 -12
    endloop
  endfacet
  facet normal -0.980961 -0.194204 0
    outer loop
      vertex 120.043 -50.6526 0
      vertex 120.17 -51.2941 -12
      vertex 120.17 -51.2941 0
    endloop
  endfacet
  facet normal -0.897042 -0.441945 0
    outer loop
      vertex 120.67 -52.5 -12
      vertex 120.381 -51.9134 0
      vertex 120.381 -51.9134 -12
    endloop
  endfacet
  facet normal -0.897042 -0.441945 0
    outer loop
      vertex 120.381 -51.9134 0
      vertex 120.67 -52.5 -12
      vertex 120.67 -52.5 0
    endloop
  endfacet
  facet normal 0.321546 -0.946894 0
    outer loop
      vertex 126.294 -54.8296 -12
      vertex 126.913 -54.6194 0
      vertex 126.294 -54.8296 0
    endloop
  endfacet
  facet normal 0.321546 -0.946894 0
    outer loop
      vertex 126.913 -54.6194 0
      vertex 126.294 -54.8296 -12
      vertex 126.913 -54.6194 -12
    endloop
  endfacet
  facet normal 0.195233 -0.980757 0
    outer loop
      vertex 125.653 -54.9572 -12
      vertex 126.294 -54.8296 0
      vertex 125.653 -54.9572 0
    endloop
  endfacet
  facet normal 0.195233 -0.980757 0
    outer loop
      vertex 126.294 -54.8296 0
      vertex 125.653 -54.9572 -12
      vertex 126.294 -54.8296 -12
    endloop
  endfacet
  facet normal 0.659197 -0.75197 0
    outer loop
      vertex 128.044 -53.9668 -12
      vertex 128.536 -53.5355 0
      vertex 128.044 -53.9668 0
    endloop
  endfacet
  facet normal 0.659197 -0.75197 0
    outer loop
      vertex 128.536 -53.5355 0
      vertex 128.044 -53.9668 -12
      vertex 128.536 -53.5355 -12
    endloop
  endfacet
  facet normal 0.55537 -0.831603 0
    outer loop
      vertex 127.5 -54.3301 -12
      vertex 128.044 -53.9668 0
      vertex 127.5 -54.3301 0
    endloop
  endfacet
  facet normal 0.55537 -0.831603 0
    outer loop
      vertex 128.044 -53.9668 0
      vertex 127.5 -54.3301 -12
      vertex 128.044 -53.9668 -12
    endloop
  endfacet
  facet normal -0.0654033 -0.997859 0
    outer loop
      vertex 124.347 -54.9572 -12
      vertex 125 -55 0
      vertex 124.347 -54.9572 0
    endloop
  endfacet
  facet normal -0.0654033 -0.997859 -0
    outer loop
      vertex 125 -55 0
      vertex 124.347 -54.9572 -12
      vertex 125 -55 -12
    endloop
  endfacet
  facet normal -0.321546 -0.946894 0
    outer loop
      vertex 123.087 -54.6194 -12
      vertex 123.706 -54.8296 0
      vertex 123.087 -54.6194 0
    endloop
  endfacet
  facet normal -0.321546 -0.946894 -0
    outer loop
      vertex 123.706 -54.8296 0
      vertex 123.087 -54.6194 -12
      vertex 123.706 -54.8296 -12
    endloop
  endfacet
  facet normal -0.195233 -0.980757 0
    outer loop
      vertex 123.706 -54.8296 -12
      vertex 124.347 -54.9572 0
      vertex 123.706 -54.8296 0
    endloop
  endfacet
  facet normal -0.195233 -0.980757 -0
    outer loop
      vertex 124.347 -54.9572 0
      vertex 123.706 -54.8296 -12
      vertex 124.347 -54.9572 -12
    endloop
  endfacet
  facet normal -0.751998 -0.659165 0
    outer loop
      vertex 121.464 -53.5355 -12
      vertex 121.033 -53.0438 0
      vertex 121.033 -53.0438 -12
    endloop
  endfacet
  facet normal -0.751998 -0.659165 0
    outer loop
      vertex 121.033 -53.0438 0
      vertex 121.464 -53.5355 -12
      vertex 121.464 -53.5355 0
    endloop
  endfacet
  facet normal -0.55537 -0.831603 0
    outer loop
      vertex 121.956 -53.9668 -12
      vertex 122.5 -54.3301 0
      vertex 121.956 -53.9668 0
    endloop
  endfacet
  facet normal -0.55537 -0.831603 -0
    outer loop
      vertex 122.5 -54.3301 0
      vertex 121.956 -53.9668 -12
      vertex 122.5 -54.3301 -12
    endloop
  endfacet
  facet normal -0.442072 -0.89698 0
    outer loop
      vertex 122.5 -54.3301 -12
      vertex 123.087 -54.6194 0
      vertex 122.5 -54.3301 0
    endloop
  endfacet
  facet normal -0.442072 -0.89698 -0
    outer loop
      vertex 123.087 -54.6194 0
      vertex 122.5 -54.3301 -12
      vertex 123.087 -54.6194 -12
    endloop
  endfacet
  facet normal 1 -0 0
    outer loop
      vertex 28 -57 10.5
      vertex 28 -43 9.5
      vertex 28 -43 10.5
    endloop
  endfacet
  facet normal 1 0 0
    outer loop
      vertex 28 -43 9.5
      vertex 28 -57 10.5
      vertex 28 -57 9.5
    endloop
  endfacet
  facet normal -1 0 0
    outer loop
      vertex 42 -57 9.5
      vertex 42 -43 10.5
      vertex 42 -43 9.5
    endloop
  endfacet
  facet normal -1 -0 0
    outer loop
      vertex 42 -43 10.5
      vertex 42 -57 9.5
      vertex 42 -57 10.5
    endloop
  endfacet
  facet normal 0 1 -0
    outer loop
      vertex 42 -57 9.5
      vertex 28 -57 10.5
      vertex 42 -57 10.5
    endloop
  endfacet
  facet normal 0 1 0
    outer loop
      vertex 28 -57 10.5
      vertex 42 -57 9.5
      vertex 28 -57 9.5
    endloop
  endfacet
  facet normal 0 -1 0
    outer loop
      vertex 28 -43 9.5
      vertex 42 -43 10.5
      vertex 28 -43 10.5
    endloop
  endfacet
  facet normal 0 -1 -0
    outer loop
      vertex 42 -43 10.5
      vertex 28 -43 9.5
      vertex 42 -43 9.5
    endloop
  endfacet
  facet normal 1 -0 0
    outer loop
      vertex 27 -58 9.5
      vertex 27 -42 0
      vertex 27 -42 9.5
    endloop
  endfacet
  facet normal 1 0 0
    outer loop
      vertex 27 -42 0
      vertex 27 -58 9.5
      vertex 27 -58 0
    endloop
  endfacet
  facet normal 0 0 -1
    outer loop
      vertex 43 -58 9.5
      vertex 42 -57 9.5
      vertex 43 -42 9.5
    endloop
  endfacet
  facet normal 0 0 -1
    outer loop
      vertex 43 -58 9.5
      vertex 28 -57 9.5
      vertex 42 -57 9.5
    endloop
  endfacet
  facet normal -0 0 -1
    outer loop
      vertex 28 -57 9.5
      vertex 27 -58 9.5
      vertex 28 -43 9.5
    endloop
  endfacet
  facet normal 0 0 -1
    outer loop
      vertex 27 -58 9.5
      vertex 28 -57 9.5
      vertex 43 -58 9.5
    endloop
  endfacet
  facet normal 0 0 -1
    outer loop
      vertex 42 -43 9.5
      vertex 43 -42 9.5
      vertex 42 -57 9.5
    endloop
  endfacet
  facet normal 0 0 -1
    outer loop
      vertex 28 -43 9.5
      vertex 43 -42 9.5
      vertex 42 -43 9.5
    endloop
  endfacet
  facet normal 0 0 -1
    outer loop
      vertex 28 -43 9.5
      vertex 27 -42 9.5
      vertex 43 -42 9.5
    endloop
  endfacet
  facet normal 0 0 -1
    outer loop
      vertex 27 -42 9.5
      vertex 28 -43 9.5
      vertex 27 -58 9.5
    endloop
  endfacet
  facet normal -1 0 0
    outer loop
      vertex 43 -58 0
      vertex 43 -42 9.5
      vertex 43 -42 0
    endloop
  endfacet
  facet normal -1 -0 0
    outer loop
      vertex 43 -42 9.5
      vertex 43 -58 0
      vertex 43 -58 9.5
    endloop
  endfacet
  facet normal 0 -1 0
    outer loop
      vertex 27 -42 0
      vertex 43 -42 9.5
      vertex 27 -42 9.5
    endloop
  endfacet
  facet normal 0 -1 -0
    outer loop
      vertex 43 -42 9.5
      vertex 27 -42 0
      vertex 43 -42 0
    endloop
  endfacet
  facet normal 0 1 -0
    outer loop
      vertex 43 -58 0
      vertex 27 -58 9.5
      vertex 43 -58 9.5
    endloop
  endfacet
  facet normal 0 1 0
    outer loop
      vertex 27 -58 9.5
      vertex 43 -58 0
      vertex 27 -58 0
    endloop
  endfacet
  facet normal 0 -1 0
    outer loop
      vertex 0 -75 0
      vertex 140 -75 6
      vertex 0 -75 6
    endloop
  endfacet
  facet normal 0 -1 -0
    outer loop
      vertex 140 -75 6
      vertex 0 -75 0
      vertex 140 -75 0
    endloop
  endfacet
  facet normal 0 -1 0
    outer loop
      vertex 87.6 -34 6
      vertex 105.6 -34 10.5
      vertex 87.6 -34 10.5
    endloop
  endfacet
  facet normal 0 -1 -0
    outer loop
      vertex 105.6 -34 10.5
      vertex 87.6 -34 6
      vertex 105.6 -34 6
    endloop
  endfacet
  facet normal 0 1 -0
    outer loop
      vertex 103.6 -32 9.5
      vertex 89.6 -32 10.5
      vertex 103.6 -32 10.5
    endloop
  endfacet
  facet normal 0 1 0
    outer loop
      vertex 89.6 -32 10.5
      vertex 103.6 -32 9.5
      vertex 89.6 -32 9.5
    endloop
  endfacet
  facet normal 0 1 -0
    outer loop
      vertex 104.6 -33 0
      vertex 88.6 -33 9.5
      vertex 104.6 -33 9.5
    endloop
  endfacet
  facet normal 0 1 0
    outer loop
      vertex 88.6 -33 9.5
      vertex 104.6 -33 0
      vertex 88.6 -33 0
    endloop
  endfacet
endsolid OpenSCAD_Model
